,23s1004,23S1068,23s1067,23s1048,22s1023,23s1005,23s1028,23s1031,23s1032,23s1077,23s1008,23s1073,23s1074,23S1011,23s1022,22s1026,23S1054,23s1055,23s1070,23s1063,23s1034,22s1072,23s1071,21S1072,23s1045,23S1052,22s1058,23s1017,23S1002,23s1043,23s1027
stock_001,4.530053029740928e-22,0.0037641426556855,0.0,1.4140555708434944e-07,0.0,1.5610150880292997e-22,-0.0,1.1394211196168873e-22,0.0029225426120725027,9.54797826843406e-17,-3.499440719439582e-23,0.0,-8.332760668649236e-23,0.005244984265047205,9.169376527110724e-22,0.009525576,0.0,1.9838943511685592e-23,0.010565694,1.9838943511685592e-23,0.0,0.019285457,0.0,5.570863400715165e-22,-7.096654775175513e-24,0.0,-4.0365451003766827e-22,0.0,7.3430718734663085e-19,1.1133798780355742e-22,0.0048635593479685
stock_002,4.831932675655918e-22,0.0019505609081336,0.0,1.0972164897669733e-07,0.0,-1.2339508930943427e-23,0.0,-8.410772838655306e-24,0.001611401919670113,2.335694314485632e-16,-8.4011925289378e-23,7.222304133348594e-18,-1.465432184094557e-22,0.004067987796036612,2.0310785767329717e-21,0.015643315,0.0,-1.13e-25,0.010527833,-1.13e-25,0.0,0.018083103,0.0,1.3576538756586422e-22,-1.0890833077388212e-22,0.0,2.1520376087651325e-22,0.0,2.808355792717353e-20,1.3946090219865325e-22,0.0051669022063451
stock_003,3.901177652807759e-22,0.0072828095083629,0.0,1.217603256216127e-07,0.0,-4.027968613411564e-23,-0.0,-1.0530898782765202e-22,0.0,0.0,-9.010095613485657e-23,1.8662580251095472e-17,-3.801432774645854e-23,0.005617983146050561,9.05707008513958e-22,0.008225252,0.0,1.6000695044802153e-23,0.0,1.6000695044802153e-23,0.0,0.016953833,0.0,-4.454070674162299e-22,-5.876474270977916e-23,0.0,6.895592889676042e-22,0.0,-2.235650680297616e-19,2.9085779862751473e-22,0.0050034803898156
stock_004,3.9551102906537047e-22,0.0079418943934938,0.0,1.0980317805653453e-07,0.0,1.6489222738178447e-24,0.0,-3.463340958802458e-23,0.00016013932120945222,4.200266890667732e-16,-6.379134460167698e-23,0.0,-2.653845085738865e-22,0.0070089789730630805,1.3345938053494518e-21,0.0,0.0,-5.5e-24,0.0035539288,-5.5e-24,0.0,0.015628576,0.0,-2.0510978865411428e-22,-7.216229876210414e-23,0.0,4.7601613048477465e-22,0.0,6.425642209644961e-19,2.386535160421603e-22,0.0048825556111926
stock_005,1.618542137648779e-22,0.0019004107243331,0.05,1.5853321339047296e-07,0.0,8.069548608493521e-23,0.0,1.7319238170152634e-22,0.00013011319848267992,4.459535611991252e-17,-5.783758634136378e-23,1.159658097885326e-18,-2.66707707460658e-22,0.005177984466046602,3.064654311795695e-21,0.0,0.0,6.70316450259429e-24,0.0,6.70316450259429e-24,0.0,0.014368128,0.0,0.0027210810441641,-4.594375985102391e-23,0.0,5.921116996826614e-22,0.0,-3.7115457323296374e-19,1.6125100109920535e-22,0.0052960732313652
stock_006,0.0300889421354232,0.0051565897256962,0.0,9.415613586907805e-08,1.11e-16,0.0632629522804254,0.07184634,0.0151100702528299,0.0004904266712039474,1.2557142333283364e-16,0.0387660172808552,0.1,0.0571754713824564,0.004606986179041463,0.0424460159318788,0.034077417,0.0,0.0213177229614443,0.0,0.0213177229614443,0.1,0.012278825,0.08333333,5.228686998820966e-22,0.0843648243451705,0.0900000000005897,0.1,0.0412137008115544,5.515230705305606e-19,0.1,0.0057184713383354
stock_007,0.0041496458702612,0.0018014947211373,0.05,1.5425273308190926e-07,0.0,1.207586393789958e-22,-0.0,7.36583738595066e-23,0.00013011319848267992,5.954705692315277e-16,2.8967034551293304e-23,1.1083490288143032e-17,-9.1299222694245e-23,0.0034819895540313377,1.676230328533251e-21,0.0021186126,0.0,9.31215676560795e-24,0.0009644036,9.31215676560795e-24,0.0,0.01133692,0.0,-4.995090370346702e-22,3.418370813299089e-23,0.0,3.474189678116803e-22,0.0,6.060457482504038e-19,1.1524031155372864e-22,0.0057603169369869
stock_008,1.7235824340589312e-22,0.0026798204382978,0.05,1.3584589670849677e-07,0.0,6.368434820920631e-23,0.01627773,0.0605286059183657,0.025692352346541488,3.3659553707405224e-16,1.2205409145825115e-24,0.0,-1.995304584324839e-22,0.005242984271047187,1.2547761786252074e-21,0.0,0.0,-4.0999999999999997e-23,0.0,-4.0999999999999997e-23,0.0,0.011051521,0.0,5.388857637310746e-22,-2.4868275589083192e-23,0.0,-3.280901327035659e-22,0.0,8.860090210050087e-19,8.056086154308125e-23,0.004980048034076
stock_009,-5.8704302333266816e-24,0.0047019652059314,0.0,9.806077909080615e-08,0.0,-3.708917644204997e-22,0.0,2.7626833413573463e-23,0.022359452723869765,1.4482980385365602e-17,-4.265910469239868e-23,4.6884589426526496e-18,-1.702509180277198e-22,0.006511980464058608,1.8957838454517117e-21,0.011687449,0.0,1.5288204943495826e-23,0.0,1.5288204943495826e-23,0.0,0.010869393,0.0,-6.369027683388604e-22,-1.0866883430572353e-22,0.0,8.997220416465648e-22,0.0,-8.262672326564317e-19,1.985795924979053e-22,0.0039902530659238
stock_010,0.0355727529841512,0.0028356952791374,0.0,9.469461871033825e-08,0.1,-4.13606680493931e-23,0.0,-3.0190904323994084e-22,0.07068149289882197,7.800503411726798e-17,0.1,1.2204490191522068e-17,-2.477718469230645e-22,0.004818985543043371,1.0943479639658273e-23,0.0071194926,0.56757,-5.85e-24,0.0,-5.85e-24,0.0,0.010723677,0.0,-7.764529361985742e-22,-2.3410096651111417e-23,0.0,0.0035562869889785,0.1,4.899514551055664e-20,2.485085962244285e-23,0.0041335753864112
stock_011,1.849670172548664e-22,0.0016559285134344,0.0,1.2187696138609926e-07,0.0,-5.9024724654125695e-24,0.0,9.78725556887314e-24,0.0008307227287740334,8.074763138768876e-16,-1.2877241242964079e-23,1.5162842062446057e-18,-1.4888146043408947e-22,0.002814991555025335,1.6639095488646453e-21,0.0005341396,0.0,3.2385247485327233e-24,0.007178977,3.2385247485327233e-24,0.0,0.010353414,0.0,2.22072811014387e-22,-4.052460876103621e-23,0.0,8.511582085580318e-22,0.0,4.776003251706041e-20,1.2790018551084843e-22,0.0054018842304114
stock_012,1.1690438928183414e-22,0.0027040596888974,0.0,1.1492748201716623e-07,0.0,7.045064551585988e-24,0.0,4.3300440814032663e-23,0.0,8.82406648402663e-16,-4.397279219021343e-23,0.0,-2.1050180136877253e-22,0.004415986752039744,1.2441999313758357e-21,0.011743074,0.0,-3.5099999999999994e-23,0.0,-3.5099999999999994e-23,0.0,0.010001122,0.0,-3.5089982873564528e-22,-6.588020436807726e-23,0.0,6.220254253134853e-22,0.0,9.59110954704447e-19,1.7585809803826633e-22,0.0045179290205182
stock_013,1.6537763270738853e-22,0.010008285492745,0.0,1.3602838348869226e-07,0.0,-2.126260408388001e-22,-0.0,0.0705952761501741,0.0041636223514457575,1.2608928858781222e-16,-3.1108019631619954e-23,0.0,-6.28686970255162e-23,0.007157978526064423,9.535970820245405e-22,0.0,0.0,-9.08e-24,0.0,-9.08e-24,0.0,0.009667223,0.0,2.11816004356374e-22,2.862149047096961e-23,0.0,1.4523112721154942e-22,0.0,-2.5987405659572867e-19,0.0233780879832944,0.005471143560231
stock_014,2.3812124926730185e-22,0.001975544665052,0.0,1.1555139369913196e-07,0.0,-2.575767879994432e-22,0.0,5.954331894420829e-23,0.00131114069240239,1.1279284985061662e-16,-8.224587110905374e-23,0.0,-2.3728144035097763e-22,0.005918982243053271,2.5013131275704558e-21,0.008859896,0.0,-6.96e-24,0.0092373,-6.96e-24,0.0,0.009221609,0.0,-5.143329833124346e-22,-8.559743599514936e-23,0.0,-6.266704024157394e-23,0.0,2.846054221317392e-19,7.892416823566161e-23,0.0053254272743997
stock_015,2.1749934025664974e-22,0.0025809640708388,0.0,1.31066329085125e-07,0.0,4.448589647017592e-22,-0.0,-2.3258042790879075e-23,0.0,1.749705263925148e-16,-2.170505244020787e-23,0.0,-1.3279542818206051e-22,0.0042379872860381414,8.139416157805285e-22,0.0,0.0,2.811767647999468e-23,0.006965259,2.811767647999468e-23,0.0,0.009035548,0.0,4.301859587528084e-22,-3.4314821331527674e-23,0.0,5.760523358612467e-22,0.0,7.428382639322548e-19,8.706406168494069e-23,0.0056435103283452
stock_016,1.6591511790161671e-22,0.0047311113667491,0.0,1.2706705023543993e-07,0.0,-2.6496645019160586e-22,0.0,-6.2640834561080866e-24,0.0006105311621110365,0.008444242918135,-9.508787802712808e-23,0.0,-1.7461066823957264e-22,0.004390986827039519,1.9995551608306334e-21,0.012612037,0.0,4.2093193632744986e-24,0.0030848687,4.2093193632744986e-24,0.0,0.009003642,0.0,-3.1825144897990164e-22,-7.365436315905122e-23,0.0,-1.4882511670606878e-22,0.0,-2.1375152439306693e-19,1.571444711406088e-22,0.0042876995214218
stock_017,1.6461034893605496e-22,0.0041814861768672,0.0,1.478871240085052e-07,0.0,1.5414203188390978e-22,0.0,-5.708999509133358e-23,0.003723239218119764,0.0,-4.179938052285079e-23,1.6471329904089925e-18,-1.2530641850966811e-22,0.004950985147044559,1.4359378445769174e-21,0.0,0.07181,-1.69e-23,0.0046652886,-1.69e-23,0.0,0.008727717,0.0,3.504794045318728e-22,-4.018504158064029e-23,0.0,1.5652200865828997e-22,0.0,-6.831874663939818e-20,1.214303076905384e-23,0.0050833416933079
stock_018,2.437511447750962e-22,0.0107437465807961,0.0,1.0502912407601329e-07,0.0,-6.286783723034515e-23,0.0,-7.260000077044353e-23,0.0,6.038519794773359e-16,-1.156229836557164e-22,1.2743569785769843e-17,-1.2172830703141905e-22,0.005086984739045783,1.0836757301653534e-21,0.0012597822,0.0,-3.2899999999999996e-23,0.0,-3.2899999999999996e-23,0.0,0.008632923,0.0,-1.5000778313112232e-22,-1.17578406727456e-22,0.0,7.874361068688452e-22,0.0,-1.0264018922691596e-19,1.8402461031544868e-22,0.0047951093293415
stock_019,2.920730429174532e-22,0.0065762481782662,0.0,1.0456313996660439e-07,0.0,-1.0578915167116414e-22,0.0,-2.3511541827550373e-23,0.0,1.054495922245724e-16,-8.243253824036515e-23,1.608082077406076e-17,-1.6178649295006702e-22,0.0043519869440391675,1.5949815840539061e-21,0.0,0.0,1.279306155173667e-23,0.008129829,1.279306155173667e-23,0.0,0.008541319,0.0,-2.954912409289606e-25,-5.206937923938167e-23,0.0,-2.5602701772585547e-22,0.0,7.311738899086106e-19,9.120729065289508e-23,0.0053361600454203
stock_020,1.135935289192872e-22,0.0031226196038266,0.0,1.1409069710602835e-07,0.0,2.0288240062842973e-23,-0.0,-1.0509128596067538e-22,0.02453134226777296,2.983257644902536e-16,-2.834961642510692e-23,8.838015032420002e-19,-1.6514259248708718e-22,0.003470989587031239,6.545976113089763e-22,0.011404065,0.0,9.446712614488025e-24,0.011161379,9.446712614488025e-24,0.0,0.008527006,0.08333333,2.383376774638432e-22,-6.174589062573474e-24,0.0,1.4209460674638566e-22,0.0808050988704506,1.0637218367240813e-18,1.1663534053470722e-22,0.005051508598085
stock_021,1.6506398634300104e-22,0.0028932990401029,0.05,1.431992085089051e-07,0.0,1.9824561168281584e-22,-0.0,-6.124031665231631e-23,0.0,0.0,-2.539535662878269e-24,0.0,-4.8198049731548564e-23,0.004092987721036837,1.7060855798271344e-21,0.0,0.0,9.276656570704114e-24,0.0026999775,9.276656570704114e-24,0.0,0.008340034,0.0,4.03256157358237e-22,3.998328117078853e-23,0.0,3.42005874270659e-22,0.0,-2.9593237489669267e-19,7.833969262098031e-23,0.0050974751539364
stock_022,0.1,0.0106754666849563,0.0,1.0547911352598182e-07,0.0,0.0810405936865001,0.06725949,6.519109224328252e-23,0.0019416892696646083,0.0999999999999999,-5.128150356134226e-23,0.0836704806618188,-2.6210463816220024e-22,0.0056669829990510035,1.2718213017457244e-21,0.0023347996,0.0,-3.25e-25,0.004138857,-3.25e-25,0.0,0.008082139,0.0,0.1,0.1,0.0,0.0048350059828417,0.0,0.1,0.1,0.0046812759071591
stock_023,6.901724637555145e-23,0.0083480209481515,0.0,9.867088911628656e-08,0.0,-1.0012596766909469e-22,0.0,-4.1890758900075136e-23,0.010429073293765575,0.0,-2.3250585602267766e-23,1.782965890387334e-17,-2.3640544193391414e-22,0.004782985651043047,1.1507954946070078e-21,0.01599801,0.0,-8.7e-24,0.015649369,-8.7e-24,0.0,0.007816163,0.0,6.857254875205086e-23,-5.1752244136268624e-23,0.0,3.9338586138204323e-22,0.0,-1.0826800174471829e-19,1.9853725703770557e-22,0.0052581089482498
stock_024,1.4559057627982297e-23,0.0008932110991897,0.0,1.0433664342325527e-07,0.0,1.647270707684178e-22,0.0,-6.606693434816426e-23,0.00013011319848267992,0.0,-7.658529596923136e-23,1.828008076643049e-17,-5.57194315257985e-23,0.003663989008032976,8.52663280319704e-22,0.0005344694,0.0,-2.49e-24,0.008574279,-2.49e-24,0.0,0.007721652,0.0,-1.8428002167580264e-22,-6.843423439345549e-23,0.0,1.848593438694202e-22,0.0,-1.2418689079563361e-18,3.172808689836488e-22,0.0055513623135159
stock_025,2.1687757825363688e-22,0.0100088141942659,0.0,1.234588832130701e-07,0.0,-2.146355953645297e-22,0.0,1.3498240751093582e-22,0.0013511755227047532,2.494485355379969e-17,-2.5997395673962042e-23,0.0,-2.3031734338172155e-22,0.002533992398022806,1.781425235166946e-21,0.007863956,0.0,7.7391063967814275e-25,0.004404738,7.7391063967814275e-25,0.0,0.007440259,0.0,0.0512184824280402,-9.935679415324778e-23,0.0,2.53516464410212e-22,0.0,0.1,1.0256504961096841e-22,0.0047909426968346
stock_026,3.001130710264739e-22,0.0089997642512517,0.0,1.363449960367501e-07,0.0,-3.053033941509504e-22,0.0,2.2478014118617664e-22,0.000680592115140172,4.14183940833493e-16,-5.0433890442734504e-23,0.0023768624650569,-2.4967070019968208e-22,0.00614998155005535,2.6911565895650678e-21,0.012633795,0.0,2.3506244268709962e-23,0.015965272,2.3506244268709962e-23,0.0,0.007297392,0.0,2.5037705177739886e-22,-6.162407189025709e-23,0.0,-4.687671460479293e-22,0.0,-1.5477488884837372e-19,9.557110655688284e-23,0.004325264171755
stock_027,1.824310499250409e-22,0.0095010551884008,0.0,1.3292609325743862e-07,0.0,-1.3255158834171722e-22,-0.0,-3.229391677102918e-23,0.002342037572688239,0.0,-5.408756496729804e-23,0.0,-1.2831648329830004e-22,0.0037109888670333988,1.8118437458321024e-21,0.0050740237,0.0,1.581578227562529e-25,0.010023135,1.581578227562529e-25,0.0,0.007207909,0.0,-1.5619763404231792e-22,1.993350983194864e-24,0.0,6.361082927219244e-22,0.0,1.6628593775266685e-19,1.4776464799019613e-22,0.0055967791127066
stock_028,2.7556383915956387e-22,0.0036833360534529,0.0,1.017433454626674e-07,0.0,-1.8622905068410472e-22,0.0,4.7872975538785385e-24,0.0,1.0121517368066655e-16,-6.153275400939924e-23,3.5910279842216146e-18,-5.624575341757515e-23,0.005526983419049743,1.8999601462308858e-21,0.020052511,0.0,-1.1199999999999999e-23,0.010200026,-1.1199999999999999e-23,0.0,0.007122539,0.0,-3.0381335112244317e-22,-1.0611903656573342e-22,0.0,3.862324832594216e-22,0.0,-8.318744946207362e-19,1.109412885045537e-22,0.0057579296285722
stock_029,3.1325334280077552e-24,2.1525732862501064e-05,0.0,4.821930023961286e-08,0.0,1.1016257130517905e-22,0.0,-6.740290597834903e-23,0.0,0.0448021477151222,6.732096362935745e-24,0.0,-2.0293638307967173e-22,0.0064379806860579425,3.752278644753323e-22,0.0024096284,0.0,-1.13e-23,0.008448288,-1.13e-23,0.0,0.007069723,0.0,2.520729955930968e-22,-8.681769045683048e-23,0.0,-8.932184574301707e-23,0.0,6.085017654211535e-19,1.210635620759517e-23,0.0045708930460787
stock_030,2.970526977306212e-22,0.0049101522932402,0.0,9.98219767736202e-08,0.0,-1.8884470316643067e-22,0.0,-4.657919684685489e-23,0.0,1.4322429908512616e-16,-9.960928635539241e-23,9.054054574994452e-18,-1.4617336295274326e-22,0.004844985465043606,1.0751127947594324e-21,0.03489843,0.0,-1.0899999999999999e-23,0.0,-1.0899999999999999e-23,0.0,0.007041604,0.0,-5.067668590613867e-22,-1.0668713037341918e-22,0.0,3.412081930793011e-22,0.0,5.367093924923922e-19,8.81196983708498e-23,0.0050653081179226
stock_031,2.935354547613597e-22,0.0042382550372433,0.0,1.3069362338966954e-07,0.0,-3.187231689075621e-22,0.0,1.9535523607624181e-22,0.0,1.692312537148086e-16,-3.5099170186323155e-24,0.0,-2.119016627711599e-22,0.006058981823054531,2.449817987666716e-21,0.007370965,0.0,-5.65e-24,0.011158047,-5.65e-24,0.0,0.006994893,0.0,-1.330413646850266e-22,-4.892503098622593e-23,0.0,-6.758518548976493e-22,0.0,9.50133841488781e-19,9.870736835598096e-23,0.0053151292513709
stock_032,3.1779761849896007e-22,0.001469301769476,0.0,1.2988567128583828e-07,0.0,2.6773557177223473e-22,0.0,6.609986992458819e-23,0.0,2.453721960364671e-16,-2.9947417230445705e-23,0.0,-2.426418875563891e-22,0.005154984535046395,1.727292181524995e-21,0.0,0.0,-6.13e-24,0.0,-6.13e-24,0.0,0.006977302,0.0,1.8290216145980973e-22,-4.56820926973686e-23,0.0,2.4905799206883423e-22,0.0,-5.118179551895556e-19,1.1130856524015968e-22,0.0061869519257789
stock_033,4.342456851075527e-23,0.0058747602511594,0.0,1.001388077563388e-07,0.0,-6.224172839088111e-23,0.0,-2.540319861989171e-22,0.01232071902555223,3.1198245826441523e-16,-2.322049257532668e-23,0.0,0.0507780270439582,0.005381983854048438,4.606677905159216e-22,0.008834424,0.0,-2.3599999999999998e-23,0.0032967557,-2.3599999999999998e-23,0.0,0.006968563,0.0,-8.469322871437096e-22,-4.22667298487587e-23,0.0,0.1,0.0,6.287251789231494e-19,-4.970607084523895e-23,0.0049957727885069
stock_034,3.2137060414932892e-24,0.0024883779529368,0.0,1.249053174794166e-07,0.0,2.141844928586801e-22,0.0,-1.160554315958913e-23,0.0060452593756568215,2.5054722280900013e-16,-2.5046155182746415e-23,0.0,0.1,0.005772982681051957,6.954205429939364e-22,0.0059542423,0.0,-7.1e-24,0.009110215,-7.1e-24,0.0,0.006964785,0.0,-6.525078858522809e-23,-2.752922527251457e-23,0.0,-2.1487698501984954e-22,0.0,-9.154915080069397e-19,1.8119798545666865e-22,0.0049282527699397
stock_035,1.9222918009172705e-22,0.0003159349951944,0.0,9.174651339524737e-08,0.0,-1.5349532598871805e-22,0.0,-5.795945828228716e-23,0.0,1.981287346000033e-16,-4.888013681128737e-24,0.0,2.002271015364513e-23,0.003335989992030024,7.033423457815387e-22,0.0,0.0,2.4981978996112892e-23,0.0013093513,2.4981978996112892e-23,0.0,0.006907062,0.0,-1.0334818643324313e-21,-9.943710825986797e-23,0.0,9.500095218831397e-22,0.0,2.4016324618271085e-19,-3.997126587352226e-23,0.0046538121718135
stock_036,3.7399786251666114e-22,0.008296710057887,0.05,1.4116586127095293e-07,0.0,-1.615594271008635e-23,0.0,4.169717445635293e-23,0.002612272677229189,3.9419838255214254e-16,-3.428945540495155e-23,1.0605961812244389e-17,-2.7715273637707163e-22,0.004968985093044722,2.088298014218647e-21,0.0,0.0,2.586275547338281e-24,0.0,2.586275547338281e-24,0.0,0.006866206,0.0,7.914075500832495e-22,-1.9489756020239542e-24,0.0,6.233983331479599e-22,0.0,7.6093179992053695e-19,9.23304262747373e-23,0.0044456137119136
stock_037,0.1,0.0034610316104423,0.0,1.2580035340845558e-07,0.0,0.0364470958132514,0.0,0.1,0.0009808533424078949,0.1,0.1,0.0,-2.0446413090363545e-22,0.005990982027053919,1.494808994496157e-21,0.003311171,0.0,5.261888219101088e-24,0.0006461418,5.261888219101088e-24,0.0,0.006650978,0.0,-7.582153469705345e-22,0.1,0.0,0.1,0.0,0.0014292294868671,-1.7823367334229337e-23,0.0056694074205248
stock_038,0.0437587551658349,0.005716651794677,0.0,1.109860565902969e-07,0.0,4.327568052243576e-22,0.0,-2.6180381086898946e-23,0.0009608359272567133,3.3404229079919797e-16,-1.0697428111472345e-22,0.0,-1.8992945937614965e-22,0.004245987262038214,1.1261652065205737e-21,0.009430939,0.0,2.384811426008616e-23,0.0022802595,2.384811426008616e-23,0.0,0.006645354,0.0,0.0697217791218853,-5.900159829867615e-23,0.0177109756354052,6.011543127318022e-22,0.0,5.081054918732667e-19,2.3881417725890656e-22,0.0045035814353493
stock_039,3.4525842092585267e-22,0.0025314836509906,0.0,1.3655411379865228e-07,0.0,2.184074404018195e-22,0.0,-4.5361808850806514e-23,0.02135858196631069,2.571249484240181e-16,-5.546763943948876e-23,0.0,-1.159068251815678e-22,0.005978982063053811,1.282381817948466e-21,0.0,0.0,1.383173012305933e-23,0.0,1.383173012305933e-23,0.0,0.006635051,0.0,1.0814630463606678e-22,1.5713626249313328e-23,0.0,-4.678704036239389e-22,0.0,-1.1069142117155012e-18,6.672633774819756e-23,0.004411117123802
stock_040,2.9024720660391174e-22,0.0002590207077679,0.0,1.2152676130056692e-07,0.0,3.2833516538872213e-23,0.0,2.2685412446325932e-23,0.0,2.8611640665896143e-16,0.0305965930506931,0.0,0.1,0.004295987112038664,0.1,0.013773347,0.0,-9.35e-24,0.0,-9.35e-24,0.0,0.006547829,0.0,-4.8598005372174445e-22,-7.600049709438297e-23,0.0,0.1,0.0,3.91421599547455e-19,-7.045856028842964e-24,0.0048213633458876
stock_041,1.2614499603568972e-22,0.0061857084558612,0.05,1.556683332105032e-07,0.0,1.1618930836164428e-22,-0.0,1.2510555434561598e-22,0.0007806791908960795,1.830783107409781e-16,-2.8629359162487673e-23,0.0,-1.0787172069579062e-22,0.005574983275050175,1.3209994331224528e-21,0.0,0.0,1.1411423204269027e-23,0.005372259,1.1411423204269027e-23,0.1,0.006543541,0.0,4.875154067239318e-22,1.7137468617811144e-23,0.0,8.008248215833613e-22,0.0,6.717966983969978e-19,7.731524658680247e-23,0.0058640440950166
stock_042,1.8909586838493245e-22,0.0091359431075048,0.0,8.475490963910512e-08,0.0,1.3499213780272699e-22,0.0,-1.760542581290219e-23,0.014792869796723148,0.0,1.3848001598595946e-23,0.0,-1.9135098821090173e-22,0.004633986098041706,1.258627736226181e-21,0.0,0.0,-1.9499999999999997e-23,0.0,-1.9499999999999997e-23,0.0,0.00645336,0.0,4.212841640653524e-22,-7.284371133230595e-23,0.0,6.532066190346946e-22,0.0,3.8134028191176905e-19,1.3849173125463677e-22,0.00504554265921
stock_043,-9.6561125865881e-24,0.0039884980595895,0.0,4.462801649125447e-08,0.0,1.353347758774503e-22,0.0,-1.284752823436868e-24,0.0006906008227157626,2.7378508769730772e-16,3.186863548466401e-24,5.678254368992264e-18,-2.0914796937870725e-22,0.004729985810042569,7.35491212786247e-23,0.0,0.0,-2.0899999999999997e-23,0.016956361,-2.0899999999999997e-23,0.0,0.006436034,0.0,8.424748371334205e-23,-9.64428402091219e-23,0.0,2.716000455204984e-22,0.0,3.3924993359465273e-19,5.915167427872516e-23,0.0045882809896764
stock_044,4.1286331076241973e-22,0.0081148483233476,0.0,1.0603878452268197e-07,0.0,-1.3036423538243267e-22,0.0,-1.953500112291772e-23,0.003172760301462272,0.0997345249876116,-9.620458038717692e-23,0.0,-9.271962383134046e-23,0.004643986068041795,1.6132632113849724e-21,0.01564524,0.0,-5.96e-24,0.004975838,-5.96e-24,0.0,0.00636182,0.0,-1.5205416056994968e-22,-8.59886465376304e-23,0.0,4.48713551496253e-22,0.0,5.764088918664845e-19,2.0102057206731623e-22,0.0046322926576193
stock_045,0.0479601707804608,4.133875135844924e-05,0.0,1.199025955382477e-07,0.0,-2.7337490639499787e-22,0.1,0.0676268291254828,0.0,0.0999999999999998,-7.699636675623607e-23,1.476170268481579e-18,0.1,0.005086984739045783,0.1,0.008676274,0.0,-5.4e-25,0.0018641659,-5.4e-25,0.0,0.006354529,0.0,0.060150535652537,-1.089913815968125e-22,0.0544541079700126,-2.375278295347734e-22,0.0,0.0743307225279066,0.0917529304518583,0.0049901222440696
stock_046,2.53611878650672e-22,0.0097937483403335,0.0,1.163527546677994e-07,0.0,-6.905581838326915e-23,0.0,-6.122109106290572e-23,0.0016814628726992483,1.3460817640591805e-18,-1.2679750694200104e-22,0.0,-3.051691974621915e-23,0.003798988603034191,9.421912107021694e-22,0.00050352904,0.0,-6.649999999999999e-24,0.013185255,-6.649999999999999e-24,0.0,0.006327894,0.0,-5.64088492028456e-22,-9.211771636978752e-23,0.0,5.6840916096249895e-22,0.0,1.6513419397487109e-19,2.9284605068383363e-22,0.004988672436854
stock_047,1.3824571941993197e-23,0.0027516897690872,0.0,9.991602860175653e-08,0.0,5.01435722402954e-23,0.03663348,-5.091594653909111e-23,0.0,4.2444979838075103e-17,-3.301435619035883e-23,2.9683098788766946e-18,-2.4004990538266614e-22,0.00585898242305273,1.5738911596410577e-21,0.0,0.0,-1.2199999999999999e-23,0.0,-1.2199999999999999e-23,0.0,0.006262076,0.0,-6.251408339165991e-22,-8.329299955916592e-23,0.0,7.4869024566845755e-22,0.0,-5.737271727558661e-19,7.244285598681395e-23,0.0063658942974403
stock_048,7.210657648562271e-23,0.0024694427866867,0.0,7.491269633659914e-08,0.0,1.2953042586528545e-22,0.0,-1.0716153148974809e-22,0.0011710187863441194,0.0,2.710559214510404e-23,0.0,-1.4753626422568722e-22,0.006865979402061794,1.9744746172461614e-21,0.018315926,0.0,2.3453388512581746e-23,0.020706572,2.3453388512581746e-23,0.0,0.006212491,0.0,2.6190547303794503e-22,-8.79881163700293e-23,0.0,9.526082112793018e-23,0.0,2.214107784424308e-19,5.831353559120065e-23,0.0052203786206337
stock_049,-4.43553996844738e-23,0.0054487731669721,0.0,6.761872630758502e-08,0.0,0.012054118878129,0.0,3.110366733742035e-23,0.0003002612272677229,0.0,-4.055814301966253e-23,9.5916171594522e-19,-1.923174827700006e-22,0.0025529923410229772,0.0033622934544612,0.0,0.0,-9.13e-24,0.0021362817,-9.13e-24,0.0,0.006209749,0.0,0.0204992182539024,-1.1363076839514308e-22,0.0,1.182760906294358e-22,0.0,-1.766643075140653e-19,1.1595508182093698e-22,0.0048508795853136
stock_050,5.43418963098578e-23,0.0008394038561376,0.0,1.0260451713541765e-07,0.0,4.752455912591671e-23,0.0,-2.0075023576793984e-22,0.0,1.322877418301505e-16,-1.3328799522304685e-23,4.404562369426892e-18,-7.333678913146634e-23,0.006078981763054711,1.0147533462157997e-21,0.0,0.0,1.200581082128085e-23,0.021324633,1.200581082128085e-23,0.0,0.006122631,0.0,1.0236900746526042e-21,-2.7504311892843813e-23,0.0900000000008295,0.0668037758333482,0.0,5.487611740730675e-19,-4.75151062839785e-24,0.0043183674443177
stock_051,2.181967401316295e-22,0.0015408246688955,0.0,1.0154130548155813e-07,0.0,1.1970670100551434e-22,0.0,-9.318425798318685e-23,0.0,0.0,-9.420426953150468e-23,8.457881214610112e-18,-1.1891345197233748e-22,0.008311975064074807,1.7661315137108106e-21,0.0,0.0,-1.36e-23,0.00017043368,-1.36e-23,0.0,0.006105777,0.0,-2.652156305925441e-22,-1.1312299208817672e-22,0.0,1.3404232597294044e-22,0.0,-7.535231505670995e-19,3.1571238040587943e-22,0.004926387292214
stock_052,2.301820612375881e-22,0.0022268662922362,0.0,1.1039865852597461e-07,0.0,-1.0109207131174456e-22,0.0,-2.4360918886500833e-22,0.0,3.9100478969879086e-17,-4.189889664795458e-23,0.0,-2.112041914832756e-22,0.003511989464031608,9.271816710353654e-22,0.0015223846,0.0,3.499966902352836e-23,0.006856591,3.499966902352836e-23,0.0,0.006095593,0.0,-6.898458866247765e-22,-2.2702527414936386e-23,0.0,7.237792888753401e-22,0.0,5.879077361248121e-19,1.2592996821478137e-22,0.0041099639462887
stock_053,2.9340244838155982e-22,0.0043017276872554,0.0,1.0497329447304466e-07,0.0,1.3080561836918022e-22,0.0,-1.3446719303141262e-22,0.0026022639696535984,1.0229355527703167e-16,-6.795360400706437e-23,2.8946010802502666e-18,-1.8551280170887768e-22,0.001990994027017919,1.946621910050832e-21,0.0018710273,0.0,-1.1999999999999998e-23,0.003990319,-1.1999999999999998e-23,0.0,0.006088133,0.0,-4.281824271114308e-22,-8.389082054659612e-23,0.0,3.3660837763178077e-22,0.0,-8.120580852642938e-19,1.6792545443444462e-22,0.004861656283057
stock_054,7.530152905015714e-23,0.0103205275472148,0.0,8.225351687637983e-09,0.0,1.17953179983785e-22,0.0,-7.232495890363413e-23,0.0,4.007714401924443e-16,-1.2057876080630984e-24,0.0,-9.843630835443531e-23,0.004053987838036486,4.828408360232787e-22,0.0,0.0,6.808431949945467e-24,0.017136622,6.808431949945467e-24,0.0,0.006077244,0.0,-3.087598119419517e-22,-1.2388983148808636e-22,0.0,-3.2664149436836824e-22,0.0,-6.085838528882881e-20,4.4753614076549883e-23,0.0052705194577834
stock_055,-2.317095246807584e-23,2.580158460735532e-05,0.05,1.4590644606356338e-07,0.0,-5.57776720342361e-23,-0.0,7.896499332459148e-23,0.0037832914635733085,3.625007947110406e-16,-3.1501920843929895e-23,0.0,-9.344974217699486e-23,0.005455983632049104,1.7924918208167145e-21,0.00624065,0.00288,1.7683412735290765e-23,0.0033838318,1.7683412735290765e-23,0.0,0.00607248,0.08333333,-8.900176917014774e-22,1.2112534297633928e-24,0.0,5.411455827910563e-22,0.1,4.3261698795749724e-19,2.328760078706678e-23,0.0049360953173797
stock_056,3.153412684123822e-22,0.0105198893060906,0.0,1.1286536957119018e-07,0.0,9.472790492843522e-23,0.0,-3.5548714302100784e-23,0.011980422967982143,0.0,-1.6653688055337908e-23,3.52078593614048e-18,-2.450884036636335e-22,0.004432986701039897,1.5089807359409949e-21,0.0011897687,0.0,-2.76e-24,0.0,-2.76e-24,0.0,0.00605425,0.0,3.198444604287566e-22,-5.056814490212739e-23,0.0,1.436863845971483e-22,0.0,2.9651239154265647e-19,1.530913784757687e-22,0.0049338376980525
stock_057,2.1328588788363322e-22,0.0041236047605102,0.0,1.2469277278782766e-07,0.0,-1.9149472201404e-22,0.0,4.883706891312879e-23,0.0,1.861307041170932e-16,-3.745083345910439e-24,0.0,-1.466793148190511e-22,0.005692982921051237,2.172916057962005e-21,0.0036781682,0.0,-5.11e-25,0.0046184305,-5.11e-25,0.0,0.006038518,0.0,3.077626463485613e-23,-2.875154833469517e-23,0.0,1.4920853850829637e-21,0.0,7.820479458264031e-19,2.182610791715769e-22,0.0039036346268666
stock_058,1.9700797510538537e-22,0.0101567825652366,0.0,9.701942796193353e-08,0.0,-2.0313625135979412e-22,0.0,-1.0266123750336116e-22,0.0002902525196921321,9.657282708429872e-17,-1.0926293738703704e-22,1.2999564248177807e-17,0.0309382543620879,0.00530998407004779,1.095430692082e-21,0.01269791,0.0,1.1433259724917134e-24,0.012506058,1.1433259724917134e-24,0.1,0.006032397,0.0,-5.57232328897093e-22,-1.1234988685211884e-22,0.0900000000006257,3.8485195528744762e-22,0.0,-1.4044631548879364e-18,2.479896258280093e-22,0.0049709174682612
stock_059,0.0180210835248203,0.0003058345012183,0.0,1.2789145784537364e-07,0.0,0.001702182704895,0.0,-4.088096454954959e-23,0.0004103570105992213,8.276067858939699e-17,4.622125734962737e-23,5.436156734698922e-18,-8.282639832420039e-23,0.005172984481046557,4.258639261407646e-22,0.01931658,0.0,-3.58e-24,0.007704878,-3.58e-24,0.0,0.005998457,0.0,7.317576674528103e-22,0.1,0.0,-6.531438265658925e-22,0.0,1.578499253301656e-18,2.243333909564229e-23,0.0057201642713464
stock_060,0.0028314104434502,0.0014746062283133,0.0,1.1124268880475185e-07,0.1,-1.203005353633153e-22,0.09076899,0.0463480395318492,0.007936905107443475,1.1319837091702624e-16,0.1,1.424299770915313e-17,0.038569257339735,0.004114987655037035,0.1,0.0,0.0,2.2326969786924482e-23,0.0012035801,2.2326969786924482e-23,0.1,0.005933662,0.08333333,6.001255229423241e-25,0.0118474274663297,0.0,0.0923754694971771,0.1,-3.069909851020349e-19,0.1,0.0062787928928993
stock_061,3.153778408263204e-22,0.0049149079165823,0.0,1.4179826496662242e-07,0.0,-4.675054351177787e-23,0.0,1.7495763590765554e-22,0.00048041796362835665,6.090955521612439e-16,-1.0903113123615767e-22,0.0,-3.171203512432908e-22,0.004698985903042291,2.6968960335968575e-21,0.0,0.0,-6.909999999999999e-24,0.0,-6.909999999999999e-24,0.0,0.005930587,0.0,0.0301690626071475,-5.581759391014623e-23,0.0,4.878243491691935e-22,0.0,0.0153647401614011,5.051038151274086e-23,0.0061878075891815
stock_062,4.675215562368673e-22,0.0013159884587127,0.0,1.3139288387065626e-07,0.0,3.304570798492782e-22,0.0,2.2004063768512986e-23,0.002161880836327605,2.0325294195491207e-16,2.606976764541092e-23,0.0,-2.2126113048555277e-22,0.007193978418064746,2.5336338607851116e-21,0.0,0.0,2.6111471701876616e-24,0.00226453,2.6111471701876616e-24,0.0,0.005904774,0.0,8.033290575387125e-22,1.8599614110036005e-23,0.0,-7.698318160916817e-22,0.0,-1.7356115110420112e-19,2.4597242693966312e-22,0.0044686301496576
stock_063,2.4774698734925415e-22,0.0011506009356823,0.05,1.4655198586047226e-07,0.0,2.544413025925872e-22,0.0,-6.797784342151409e-23,0.0,0.0,-2.272391793637151e-23,0.0,-1.0472498857190536e-22,0.004893985318044046,2.406271551141936e-21,0.0,0.0,-3.25e-24,0.0,-3.25e-24,0.0,0.00590458,0.0,2.1310742508205494e-22,1.2894199337611107e-23,0.0,-6.211491532920732e-23,0.0,-1.8393588182180665e-19,1.1874719686366028e-22,0.0045093380535287
stock_064,-1.2926216612533811e-24,0.0022769767486793,0.0,0.9999773618122704,0.0,1.737286020895081e-22,0.0,-2.6829288261902183e-23,0.00015013061363386144,9.61737734664512e-17,1.6732402274162512e-23,1.1716679943123293e-17,-1.173888994430482e-22,0.0045409863770408685,-3.1419083011142466e-22,0.0,0.0,6.734028290948201e-24,0.014555177,6.734028290948201e-24,0.0,0.005759882,0.0,-1.7059207877936062e-22,-1.1245356770910126e-22,0.0,-7.435289158176904e-23,0.0,6.960894172005202e-20,-3.658032891050833e-23,0.0054017451541798
stock_065,1.737512716889565e-22,0.0052043285570772,0.0,1.0881457478771446e-07,0.0,-1.992208593943708e-22,0.0,3.5496921967318263e-23,0.0005004353787795381,0.0,-3.6316306628355924e-23,1.940904021469104e-18,3.360120089239159e-23,0.006062981811054567,1.4204506672573428e-21,0.027908836,0.0,-2.62e-24,0.0,-2.62e-24,0.0,0.005706089,0.0,-6.563093870000927e-23,-6.636281803985837e-23,0.0,1.7272017115159029e-22,0.0,2.048801551670836e-19,9.806922944804206e-23,0.0055533960260435
stock_066,3.5614754004566252e-22,0.0016025188939862,0.0,1.105425190308685e-07,0.0,-4.4259612109884827e-23,0.0,-6.397083905102997e-23,0.00028024381211654134,0.0,-7.814085745031724e-23,0.0,-2.00567220323544e-22,0.004403986788039636,1.4978074165525557e-21,0.024655325,0.0,3.0501291735489706e-23,0.0039072656,3.0501291735489706e-23,0.0,0.00569799,0.0,-2.734250549501738e-22,-5.633358372652607e-23,0.0,7.598664982512836e-22,0.0,-4.600665812815696e-19,2.1579860003867e-22,0.0042542873184599
stock_067,5.276421757678714e-23,0.0012522907368423,0.0,1.282982437026985e-07,0.0,-5.075043296804261e-23,0.0,5.479184734487706e-23,0.005124458278702471,1.9396487502124919e-16,-2.263781237195446e-23,0.0,-3.2128077983598413e-22,0.004118987643037072,2.6384823768604466e-21,0.0,0.0,0.099031427,0.0,0.099031427,0.0,0.005652213,0.0,5.819597274524229e-23,-8.960064852942179e-23,0.0,3.1205965886034132e-22,0.0,1.475149993530687e-18,1.7262130157055773e-22,0.0043631426096322
stock_068,2.866831248223431e-22,0.0037176142222935,0.0,1.4246320775822626e-07,0.0,5.410702349085759e-23,0.0,3.120607700163421e-23,0.0068159298589773095,7.255522665611312e-16,-3.211027954096929e-23,4.4605065007264086e-18,-2.296693829496308e-22,0.003940988177035469,2.3834198889106127e-21,0.0,0.0,-2.1099999999999998e-23,0.002412371,-2.1099999999999998e-23,0.0,0.005645777,0.0,5.977991948992452e-23,-4.382973356117838e-23,0.0,-1.3418224700284184e-22,0.0,2.3490759089449214e-19,1.7316454506873398e-22,0.0051433764384192
stock_069,9.157170615985705e-23,0.0021276754805811,0.0,9.407975026203241e-08,0.0,6.243497293314968e-23,0.0,-3.108841085941875e-22,0.04408835687047731,2.1977018300465943e-16,1.469480518801277e-23,5.7165823027270476e-18,-2.623884826593764e-22,0.006276981169056493,0.0722761235268151,0.0,0.0,1.1193459715372665e-23,0.0,1.1193459715372665e-23,0.0,0.005572439,0.0,-7.800945808916967e-22,-3.005507280115726e-23,0.0,1.9267330635219104e-22,0.0,-6.480960683929255e-20,-6.963971645088522e-24,0.0057201206860909
stock_070,2.2541096668041163e-22,0.0071710667284383,0.0,1.0512975158007085e-07,0.0,-3.4124820632732225e-22,0.0,-7.801197883200403e-24,0.000550478916657492,0.0,-3.197541513161855e-23,3.0162849004766845e-18,-2.073877654375599e-22,0.006558980323059031,1.0267764600347609e-21,0.006237653,0.01188,2.280077647003162e-24,0.014893957,2.280077647003162e-24,0.0,0.005535319,0.0,-1.1467367445878601e-21,-5.929320014192135e-23,0.0,8.1592570440579e-22,0.0,3.5640109915751414e-19,1.785040634113588e-22,0.0046233098633183
stock_071,9.115383426017288e-23,0.0041819543824238,0.0,1.0140841211216405e-07,0.0,-8.612547672111792e-23,0.0,-1.7950728933226078e-22,0.0005805050393842642,9.765107783343586e-17,-4.603872989110154e-23,0.0,-1.0952853967126182e-22,0.003894988315035055,1.3568604064806946e-21,0.0034370036,0.0,0.054227295,0.0019922177,0.054227295,0.0,0.005534462,0.0,0.0145251106636352,-9.108615690931564e-23,0.0,5.0126788509362e-22,0.0,8.998403137081151e-20,8.882260473438925e-23,0.00497090216128
stock_072,8.654885961013966e-23,0.0078057101558491,0.0,1.530383737173756e-07,0.0,1.0150125036393178e-22,0.0,0.0040633539844153,0.0013812016454315252,0.0481900605514225,1.2722149751904815e-23,3.6343641355795366e-18,-4.1841140159126896e-23,0.005423983728048816,2.0348994324992197e-21,0.0,0.0,0.034662663,0.0013386031,0.034662663,0.0,0.005442655,0.0,-3.4308632557589954e-22,-4.9225627873118955e-24,0.0027247566824548,-1.7040949507915449e-22,0.0,-4.136865126124045e-19,-2.5486104455628442e-23,0.0053113866262294
stock_073,3.0559022574062577e-22,0.0059356145322746,0.0,1.1385848101895293e-07,0.0,-7.747542332662675e-23,0.0,7.708317075921967e-23,0.0037032218029685827,4.653538261321152e-16,-8.354223345013614e-24,0.0,-1.6811464530117735e-22,0.0051509845470463595,9.030403594472273e-22,3.5206038e-05,0.0,-2.0499999999999999e-23,0.0,-2.0499999999999999e-23,0.0,0.005438043,0.0,8.408944030242824e-23,-6.20483153573073e-23,0.0,6.54932930687555e-23,0.0,0.0393467666979968,1.7207040095799006e-22,0.0045163447204823
stock_074,2.6895187445196674e-22,0.0009535691158785,0.0,1.1847215238255234e-07,0.0,1.5248822521954598e-22,0.0,2.299039455292429e-23,0.0,0.0,-5.192737221935006e-23,3.1342951169530293e-18,-1.17535552330729e-22,0.0038279885160344518,1.3720930254504656e-21,0.0,0.0,8.800443763888596e-24,0.002160244,8.800443763888596e-24,0.0,0.005437731,0.0,6.783403040603278e-22,-4.127783079976462e-23,0.0,2.968335205300477e-22,0.0,8.480892868979708e-19,1.0645497984084348e-22,0.0057199100187448
stock_075,4.1663661584527444e-22,0.0051196399820508,0.0,1.1429747691792358e-07,0.0,4.240946538040145e-22,0.0,-8.931328772308665e-23,0.0007006095302913534,0.0,-8.39164240379068e-23,0.0,-1.385404833452619e-22,0.007115978652064044,4.186306387060786e-22,0.0,0.0,7.7461467098877385e-25,0.011002408,7.7461467098877385e-25,0.0,0.005413593,0.0,9.344906539602572e-22,-7.409958765744928e-24,0.0,1.145412506446372e-21,0.0,2.757489669072064e-19,1.9444012130806564e-22,0.0045776769670291
stock_076,1.6078860541471102e-22,0.0054081596397822,0.0,8.096481579267e-08,0.0,-5.064690676414956e-22,0.0,2.9639895103051283e-23,0.008607488515008057,1.8446849451645322e-17,-1.8540167183457138e-23,1.3636999752577187e-17,-1.3853216230725558e-22,0.003858988423034731,1.0412931162594725e-21,0.0077949385,0.0,-1.68e-23,0.0,-1.68e-23,0.0,0.00539283,0.0,-1.394169562631228e-22,-6.407526163688595e-23,0.0,6.139490822644415e-22,0.0,3.954604199568469e-19,8.42321080731533e-23,0.0043393132115065
stock_077,4.045997882526325e-22,0.006048693524496,0.0,1.0859501531942566e-07,0.0,-3.340893399247012e-22,0.0,1.931995591822565e-23,0.0016314193348212944,1.776493711085177e-16,-6.032349882646816e-23,2.0545168667744986e-18,-2.247091792951217e-22,0.005380983857048429,3.0059967040459827e-21,0.0,0.0,5.997389543909324e-24,0.0,5.997389543909324e-24,0.0,0.005322756,0.0,3.1895091401944963e-22,-7.607711556446256e-23,0.0,6.986016002019522e-22,0.0,-5.763211027415088e-19,8.909593001574661e-23,0.0049378518336586
stock_078,2.7878142474127776e-22,0.0108176463329744,0.0,1.315082442431689e-07,0.0,4.771758827126546e-23,0.0,1.4043651444531692e-22,0.001471280013611842,3.770484150274128e-17,-2.8749128853087654e-23,0.0,-2.5446819401786665e-22,0.003682988951033147,2.5364782164516645e-21,0.0,0.0,4.1723375925174266e-24,0.0,4.1723375925174266e-24,0.0,0.005212708,0.0,4.357444778918979e-22,-4.7702782887257303e-23,0.0,-6.176391198324026e-22,0.0,-2.6792361121333465e-19,7.449816358316861e-23,0.0041258744618102
stock_079,2.800910087345009e-22,0.0105799773722646,0.0,1.0603035771672009e-07,0.0,2.2295440361236715e-22,0.0,-1.0980152175522533e-22,0.000720626945442535,0.0,-9.892340053702937e-23,8.131574590435065e-18,-4.780030367775152e-23,0.005386983839048483,1.752411516863769e-21,0.006362067,0.0,-1.66e-23,0.0,-1.66e-23,0.0,0.005121743,0.0,0.0087636951396864,-8.839806045137573e-23,0.0,6.4793316281252335e-22,0.0,-7.115504552036142e-19,2.2769117151549133e-22,0.0046660115506061
stock_080,1.4455908663469676e-22,0.0013301069511025,0.05,1.396997785066305e-07,0.0,5.502961804804779e-23,0.0,7.167049965470573e-23,0.004083552690841032,0.0,-3.527594002405235e-23,3.1006078480546093e-18,-2.360166839167985e-22,0.004198987403037791,3.2515656768477032e-21,0.0,0.0,0.0210796956395425,0.0,0.0210796956395425,0.0,0.005109744,0.0,-1.942681027478148e-22,-7.017018454356757e-23,0.0,1.2581406218879777e-21,0.0,-5.326416295700744e-19,1.6013630693962812e-22,0.0056314099406489
stock_081,2.370689017215296e-22,0.0103120195889852,0.0,1.4443556995976706e-07,0.0,-1.583416406773009e-22,0.0,0.1,0.008097044428652927,1.152217143256217e-16,-6.02703958054907e-23,6.009385110367342e-19,-2.2785052577248834e-22,0.005805982582052255,1.4696652198105085e-21,0.00080949883,0.0,-2.5499999999999998e-24,0.0,-2.5499999999999998e-24,0.0,0.005108797,0.0,0.0260585579979793,-5.916097313086429e-23,0.0,-4.596591428991369e-22,0.0,0.0676517418701643,8.302155425761633e-23,0.0053090834169206
stock_082,1.7326764751252437e-22,0.0056221956949047,0.0,1.006543020251224e-07,0.0,-2.7937782980176844e-22,0.0,4.444726606754971e-23,0.0,2.669622490624074e-16,1.7580323318514613e-23,0.0,-1.8068228777711504e-22,0.0032339902980291057,1.3331067505091056e-21,7.420287e-05,0.0,-3.24e-23,0.0,-3.24e-23,0.0,0.005052491,0.0,2.0385074496832151e-22,-7.869690897455823e-23,0.0,6.344026697212973e-22,0.0,-4.369808219191867e-20,9.434321899503819e-23,0.0046484996172679
stock_083,1.654117529630917e-22,0.010140028825594,0.0,1.0517182053089117e-07,0.0,1.193395819725633e-22,0.0,-1.1633727212073428e-22,0.0,1.6909563297716823e-16,-6.483304178865682e-23,0.0,-1.3908500977827056e-22,0.004960985117044649,1.5081984772191495e-21,0.0,0.0,2.3117128461483388e-23,0.0,2.3117128461483388e-23,0.0,0.005024458,0.0,5.298342680638446e-22,-1.9105075713141388e-23,0.0,7.829844924758805e-22,0.0,3.4099548335696375e-19,1.5234585664044892e-22,0.0046357311633966
stock_084,-7.127345426209469e-23,0.0011920129968199,0.0,9.359019011907689e-08,0.0,-3.607545121971931e-23,0.0,-2.980097335972881e-22,0.0065356860468607685,4.925113214881945e-17,-2.9087467354210205e-23,0.0,-4.455581848728927e-22,0.004325987022038934,8.282041452070332e-22,0.0004087408,0.0,-5.28e-25,0.0,-5.28e-25,0.0,0.00499959,0.0,7.567690471505123e-22,-2.641793093156163e-23,0.0,5.962068861011823e-22,0.0,-6.832653705849225e-19,0.0577830336284097,0.0045570522032332
stock_085,2.332809287716259e-22,0.0004092544427222,0.0,1.209861954602316e-07,0.0,-9.815589988422104e-23,0.0,-6.287377513351981e-23,0.001221062324222073,1.9277524957307382e-16,-1.6542212676469965e-23,0.0,1.312682925023148e-22,0.005512983461049617,1.9876044037174298e-21,0.0,0.0,-1.29e-23,0.0,-1.29e-23,0.0,0.004970895,0.0,-5.650615177150932e-22,-4.419376130612387e-23,0.0,-2.7472748697240765e-23,0.1,-1.18949820185272e-18,3.7628780570412663e-23,0.0045452098804785
stock_086,3.2172227012524445e-22,0.008273024113035,0.0,1.1744803626075277e-07,0.0,-1.0412303120112978e-22,0.0,1.7338662747191544e-24,0.007236295577152122,1.3847597233577035e-16,-1.741766206852768e-23,0.0,-2.1945865876850977e-22,0.004904985285044144,2.0502056789094884e-21,0.0,0.0,-3.8199999999999996e-23,0.0038410474,-3.8199999999999996e-23,0.0,0.004886894,0.0,-2.890834286246806e-22,-4.5794154385289974e-23,0.0,5.101919103160675e-22,0.0,-1.4115481042262598e-20,1.212890814356692e-22,0.0051493588732123
stock_087,6.64866307251478e-24,0.0074575565299265,0.0,9.505426410447425e-08,0.0,2.0567324884258385e-23,0.0,-2.496897827340016e-22,0.007506530681693072,1.2735755776584554e-16,-1.0434600312809178e-23,0.0853630134483048,-5.536567131503923e-23,0.004628986113041661,1.1359659269960129e-21,0.007809854,0.0,1.6832724602450708e-23,0.0,1.6832724602450708e-23,0.0,0.004886212,0.08333333,-3.686430764485653e-22,-6.280975348345686e-23,0.0592797434007553,5.8307784568240375e-22,0.1,-1.7683903714711945e-19,3.47515357897732e-23,0.0045379495382815
stock_088,2.221407105716745e-22,0.0067032276417485,0.0,1.0906320203101981e-07,0.0,-1.805854270657184e-22,0.0,-2.2952367775275695e-23,0.0,2.5881173572876153e-16,-8.118810295294914e-23,0.0,-1.6823336628185217e-22,0.004072987781036657,1.959674153193017e-21,0.0,0.0,-2.5599999999999998e-23,0.0,-2.5599999999999998e-23,0.0,0.004797034,0.0,1.060250099535613e-22,-7.711675572339855e-23,0.0,5.0936846803830725e-22,0.0,-2.602581422995224e-19,1.6357453309279102e-22,0.0046142355793727
stock_089,1.3210073439060846e-22,0.0055413292495914,0.0,1.014024706865503e-07,0.0,-5.386411662439986e-23,0.03813515,3.5707812911614443e-23,0.007536556804419845,1.9264998199419206e-16,-2.7286772738660373e-23,0.0,-1.7060642387903989e-22,0.006738979783060651,1.731332869544886e-21,0.012714094,0.0,-2.7699999999999996e-23,0.008545067,-2.7699999999999996e-23,0.0,0.004768784,0.0,-8.362840838933275e-22,-1.1176079535709536e-22,0.0,2.890690010839511e-22,0.0,2.5985014413896305e-19,1.1414255028500788e-22,0.0054359292648582
stock_090,1.207507554155755e-22,0.0003448840343082,0.0,1.237042766948141e-07,0.0,-3.011395905748004e-22,0.0,1.0578791397262242e-22,0.0,7.010815185567919e-17,-6.455199979505405e-23,5.9864573423841525e-18,-2.981383077197216e-22,0.003046990859027423,1.8448667597836557e-21,0.0,0.0,0.061513731,0.0018529266,0.061513731,0.0,0.004754883,0.0,-8.01796671636138e-22,-2.5012344013954818e-23,0.0,1.0676230182656104e-21,0.0,-2.186251616258111e-19,1.1876953086442323e-22,0.0053721589037851
stock_091,1.4167858908948892e-22,0.0085767857514611,0.0,1.096818956861478e-07,0.0,-2.0011060263996472e-22,0.0,-6.530555621153061e-23,0.00012010449090708916,0.0,-1.2240804597723807e-22,0.0,-1.5218163182583754e-22,0.004056987829036513,1.4657886111102733e-21,0.008681292,0.0,1.990179803811517e-24,0.0,1.990179803811517e-24,0.0,0.004687383,0.0,-7.2338487377547285e-22,-8.117092198888247e-23,0.0,4.358384550660261e-22,0.0,-3.3009325806868673e-19,1.3530957392741444e-22,0.0054228231117383
stock_092,3.721591881985109e-22,0.0057179543872275,0.0,1.1143992052658957e-07,0.0,-3.053214200068577e-23,0.0,-7.155039899805222e-23,0.0002902525196921321,1.86581230004698e-17,-2.45772748833182e-23,0.0,-2.6357192070989914e-22,0.004343986968039096,1.853890459166903e-21,0.0,0.0,1.1585568995996285e-23,0.013652271,1.1585568995996285e-23,0.0,0.004636316,0.0,-1.5459433076800377e-22,-9.184118032502349e-23,0.0,4.462207015732514e-22,0.0,1.079001737647032e-18,1.4129405736607292e-22,0.0052491628347674
stock_093,2.6095774214618924e-22,0.0105986998495758,0.0,1.156230254381582e-07,0.0,-1.0023775253296393e-22,0.0,9.78548423348187e-23,0.0017014802878504297,2.716492595376029e-17,-6.449707602446277e-23,0.0,-1.8494589983227144e-22,0.005903982288053136,1.7070789644113617e-21,0.0003160635,0.0,-2.4199999999999998e-23,0.007203039,-2.4199999999999998e-23,0.0,0.00462601,0.0,-5.439767044727523e-22,-4.9242802902408433e-23,0.0,2.574959627048897e-22,0.0,-9.37276668188521e-19,4.7580983964910347e-23,0.0060508011598614
stock_094,-1.275804398329273e-23,0.0080791515941475,0.0,4.028034481482801e-08,0.0,6.865214188958896e-23,0.0,-1.04179305808247e-22,0.0020918198832984695,6.875912199189471e-17,0.037996441559034,0.0,-8.833272752579533e-23,0.005123984628046116,-1.3504037867084846e-22,0.0,0.0,-5.17e-24,0.005204833,-5.17e-24,0.0,0.00460469,0.0,1.0596636534351757e-22,-4.973311613501767e-23,0.0,0.0748742081649029,0.0,-5.960295992004136e-20,0.0489009359292917,0.0041837298115779
stock_095,3.3636288877189306e-22,0.0059518532034705,0.0,1.1360987491134537e-07,0.0,-1.144272352202635e-22,0.0,-9.756388552212862e-23,0.0,1.452837440187586e-16,-9.870022579325576e-23,0.0,-2.4668645819249984e-22,0.003576989269032193,1.3817345345528798e-21,0.014090394,0.0,1.2767668636382018e-23,0.000625716,1.2767668636382018e-23,0.0,0.004543784,0.0,1.5140071226105284e-22,-8.967337621676104e-23,0.0,4.820260040544469e-22,0.0,-4.561352729486512e-19,3.675157355065931e-22,0.0047889957415873
stock_096,2.576745849857933e-22,0.0097714743980184,0.0,1.0656739462898565e-07,0.0,1.8427798521847208e-22,0.0,-8.707350417702769e-24,0.00367319568024181,5.2079863410132e-16,-1.091398532837178e-22,0.0,-1.5361292788680604e-22,0.007276978169065492,2.1805617144954418e-21,0.0,0.0,-1.5799999999999998e-23,0.0029720748,-1.5799999999999998e-23,0.0,0.004491332,0.0,-3.0440866859296084e-22,-1.1525224065652987e-22,0.0,3.898132994189288e-22,0.0,-5.919226935279299e-19,2.325026356758917e-22,0.0047198200554246
stock_097,2.7356399908359986e-22,0.0043885334367271,0.0,1.1058956954633645e-07,0.0,-3.360636507460696e-23,0.0,-7.04277826779898e-24,0.0012510884469488454,6.387484438288568e-17,-2.1395059349052213e-23,1.3754119253477077e-17,-1.9422514333503907e-22,0.005960982117053649,2.1457547062592065e-21,0.0059241154,0.0,3.0820773983413045e-23,0.002461761,3.0820773983413045e-23,0.0,0.004486725,0.0,-2.977643006738209e-23,-7.455309211268462e-23,0.0,-7.493411248943717e-23,0.0,4.558164446683031e-19,1.1996166755549576e-22,0.0048814528283683
stock_098,3.0568101371015897e-22,0.0012863769480324,0.0,1.1410909773629209e-07,0.0,1.1069319142842395e-22,0.0,-7.541862819039613e-23,0.004924284127190656,6.663353166146449e-17,-1.2828068293575058e-22,0.0,-1.323619097013519e-22,0.0042519872440382675,2.17871315089488e-21,0.006201664,0.0,8.822638167938203e-24,0.010330414,8.822638167938203e-24,0.0,0.004467493,0.0,3.145558233767625e-22,-4.6705938708583837e-23,0.0,-2.502452451371689e-22,0.0,-4.112204734679236e-19,1.875376541846598e-22,0.0053607139958556
stock_099,2.558185437001032e-22,0.0060854868266521,0.0,1.0468654656389573e-07,0.0,-2.1761288656362387e-22,0.0,1.1204108389252603e-22,0.012801136989180586,0.0,-7.495069674922548e-23,3.2914887700389997e-18,-1.8002745065076484e-22,0.003540989377031869,1.3810476359025959e-21,0.017065797,0.0,-2.5399999999999998e-24,0.0002211034,-2.5399999999999998e-24,0.0,0.004442835,0.0,-7.848290893983881e-22,-1.3555933846203813e-22,0.0,8.895749582914604e-22,0.0,8.2506640961564455e-19,1.7814118278919198e-22,0.005965773142648
stock_100,-3.504826274712493e-23,0.0018044687099963,0.0,7.778761151085412e-08,0.0,4.028155015879031e-22,0.01218351,2.3686764000242025e-23,0.0,3.7486024387043066e-17,-2.1432004041781922e-23,5.22718638509561e-19,-1.7993188840701824e-22,0.0052119843640469074,1.0080002334683333e-21,0.007034785,0.0,0.094959496,0.0,0.094959496,0.0,0.004429303,0.0,2.586029170478511e-22,-7.22126959444118e-23,0.0,8.358670927133179e-22,0.0,-3.5675796908826047e-19,1.382195419975497e-22,0.0046209407789128
stock_101,3.461612019566204e-22,0.0028265994738856,0.0,1.394694188764797e-07,0.0,3.2833663468118226e-22,0.0,-3.7275247703164773e-23,0.001130983956041756,0.0,-3.974632463179989e-23,0.0,-1.9201607349821997e-22,0.0037679886960339123,1.5199694916216746e-21,7.639733e-06,0.0,2.6611559853396083e-24,0.0,2.6611559853396083e-24,0.0,0.004360348,0.0,4.136146035918325e-22,-3.911561956183561e-23,0.0,1.0291533465033598e-22,0.0,-3.0815247896462854e-20,5.0156332997587444e-23,0.004840728916154
stock_102,2.800476535427364e-22,0.00363595413301,0.0,1.417704141321736e-07,0.0,4.0695414672809327e-22,0.0,-2.9863749775375043e-23,0.01876632670423268,6.90773861443324e-17,-1.1971176311968387e-22,2.033723307995024e-17,-3.838257680071033e-22,0.004378986863039411,2.5778423443626032e-21,0.008570119,0.0,3.6071284291125005e-24,0.0013458643,3.6071284291125005e-24,0.0,0.004334737,0.0,2.206818314608724e-22,-4.772747641075822e-23,0.0,1.0244813829733614e-21,0.0,4.600078819219267e-19,1.3331970097590613e-22,0.0058351507933495
stock_103,3.063254982073232e-22,0.0041290682936332,0.0,1.0519262010787821e-07,0.0,-1.1072417578185813e-22,0.1,3.7489162118742593e-23,0.0004604005484771751,7.620492156942528e-16,-2.8765789407820346e-23,0.0,-2.3231482601408527e-22,0.005267984196047412,1.1597907272758078e-21,0.0057342504,0.0,0.1,0.008528765,0.1,0.0,0.004332149,0.0,0.0867192274143315,-8.288959606143312e-23,0.0,6.18799792987693e-22,0.0,7.593248122172702e-20,1.6568154835628024e-22,0.0042945327468952
stock_104,8.794894018966212e-23,0.0090507927288024,0.0,9.24643981699646e-08,0.0,-4.51057712081634e-23,0.0,-1.4423354561459473e-22,0.0038233262938756718,1.530323242680354e-16,-2.89148345343481e-23,0.0,-2.1726962378867865e-22,0.003504989485031545,0.0252032834466022,0.010680624,0.0,-7.66e-24,0.0,-7.66e-24,0.0,0.004299377,0.0,-1.1487422744791033e-21,-3.942841483125701e-23,0.0,4.65203612915461e-22,0.0,1.665827475469252e-19,8.057737780083509e-23,0.0045595364627969
stock_105,0.0377101677621712,0.0025839171162694,0.05,1.781453265898518e-07,0.1,0.0712615029140689,0.06720751,0.0381957364055914,0.028404712099526584,0.0505140523414712,0.1,0.1,-1.7091586948726988e-22,0.0058629824110527674,1.7953959730304335e-21,0.0,0.0,7.326245445543384e-24,0.009581723,7.326245445543384e-24,0.1,0.004282889,0.08333333,-2.0314308634457384e-22,0.1,0.0,-4.243995869787034e-22,0.0096309347955966,4.447588211343433e-19,6.611278159351363e-23,0.0046894230449787
stock_106,2.2156563952829e-22,0.0018417209127223,0.0,1.2607935928088328e-07,0.0,-1.671141149195293e-22,-0.0,8.835556346068707e-23,0.0016814628726992483,8.787386446629382e-17,-2.3354676231179245e-23,3.2474175228468013e-18,-7.002224542176786e-23,0.006407980776057672,1.3370200333497428e-21,0.011217143,0.0,1.9219258746438378e-23,0.031767674,1.9219258746438378e-23,0.0,0.004275756,0.0,-4.57920512062928e-22,-7.76437154868802e-24,0.0,3.016306101573593e-22,0.0,-1.95824407289903e-19,1.262850946829395e-22,0.0055422607060622
stock_107,-2.884527134095012e-22,0.0086127721237232,0.0,1.1265950707116301e-07,0.0,1.9401491650012576e-22,0.0,1.3243790922303542e-23,0.000550478916657492,0.0682281200765326,-6.425986666662811e-23,0.0,-5.818361681303197e-23,0.00558998323005031,0.0982921696230335,0.0,0.0,-3.79e-24,0.0029206676,-3.79e-24,0.0,0.004244144,0.0,-5.671114432122273e-22,-3.442524710978802e-23,0.0900000000005011,-2.023962364310089e-24,0.0,-3.8451425672569647e-19,1.55622560479817e-22,0.0046041478186302
stock_108,3.4101386470642673e-22,0.0066997441146396,0.0,9.715047596223048e-08,0.0,-9.824760494057146e-23,0.0,-7.165248201134887e-24,0.00131114069240239,1.5214522557677335e-16,-3.746908198160085e-23,0.0,5.1990018383655997e-23,0.004012987961036117,9.066692441819337e-22,0.011413291,0.0,-9.05e-24,0.0,-9.05e-24,0.0,0.004234818,0.0,-3.331456712457916e-22,-1.0331288363968297e-22,0.0,5.5936109611721255e-22,0.0,2.459075895333413e-19,3.235440151228271e-23,0.0050954482220671
stock_109,3.3019845962231783e-22,0.0095632026169094,0.0,1.1490815993963353e-07,0.0,-2.134126500264637e-22,0.0,2.2203027141273903e-22,0.0,2.2271878101858682e-17,-3.238655865122317e-23,5.5126714352987795e-18,-2.064147598730388e-22,0.003655989032032904,3.1331923885073607e-21,0.0029765896,0.0,8.633828535137925e-24,0.0,8.633828535137925e-24,0.0,0.004161086,0.0,-5.875781851916116e-22,-1.4624949756797625e-22,0.0,1.2837467538019215e-22,0.0,-2.855640320764003e-19,7.918009971198228e-23,0.0047226256903092
stock_110,1.5827676508116732e-22,0.0046296359018377,0.05,1.4055955479689342e-07,0.0,-1.6573738532513987e-22,0.0,7.280646171638076e-23,0.0,0.0,-1.8159886988430466e-23,0.0,-2.384009728812575e-22,0.005840982477052569,3.3876680210375178e-21,0.00016251887,0.0,2.0829182217037826e-23,0.0,2.0829182217037826e-23,0.0,0.004099655,0.0,4.359653519114784e-23,-4.927682499343827e-23,0.0,5.416487251126873e-22,0.0,-6.345607092532311e-19,7.632576299881097e-23,0.0049324081472538
stock_111,3.1449697060826223e-22,0.009039286308547,0.0,1.2823359848010098e-07,0.0,-1.0019907396960908e-22,0.0,1.2511560065535545e-22,0.00026022639696535985,0.0,-6.28533979583731e-23,6.597992676009945e-19,-2.4452907752779706e-22,0.005196984409046773,1.6284760725568372e-21,0.0,0.0,-1.2999999999999998e-23,0.0,-1.2999999999999998e-23,0.0,0.004088393,0.0,-2.0747480007629973e-22,-7.753504031773083e-23,0.0,6.775723062553785e-22,0.0,-2.809295826824066e-19,1.431954491548093e-22,0.0044407537443338
stock_112,2.2887261160147493e-22,0.0088817375241602,0.0,1.0178762558472586e-07,0.0,-1.4903646736328248e-22,0.0,-3.722854523918655e-23,0.006765886321099356,2.483174070739927e-17,-3.407766275745637e-23,0.0,-1.3022587588333756e-22,0.0043349869950390155,1.3446858512820464e-21,0.02339248,0.0,5.460142298518356e-25,0.003252371,5.460142298518356e-25,0.0,0.004080032,0.0,-6.773067059113357e-22,-9.472982194421286e-23,0.0,6.581262925941928e-22,0.0,2.379470953549928e-19,1.2179251010870496e-22,0.0053758704089253
stock_113,1.8079978842309545e-22,0.0093159837306725,0.05,1.3724443921589137e-07,0.0,1.9325225971057975e-25,-0.0,2.5018316451605224e-24,0.0,5.275834555953598e-17,6.269258774285114e-25,0.0316689546862808,-1.1124942638872917e-22,0.0034909895270314193,2.309175723455716e-21,0.0,0.0,2.853495203954568e-23,0.006991088,2.853495203954568e-23,0.0,0.004042979,0.0,-4.288063491901877e-22,1.300224332850463e-23,0.0,5.350055339593729e-22,0.0,-5.552278417019524e-20,7.615027131318013e-23,0.0047064522699868
stock_114,8.376648281175748e-23,0.0012621463930236,0.0,4.522571734668502e-08,0.0,2.255851210520966e-22,0.0,-3.5152145178290895e-23,0.00018015673636063374,1.1942016840807645e-17,7.684302733147047e-23,0.0,-4.429992220098275e-23,0.004784985645043065,0.1,0.0,0.0,-2.8999999999999996e-23,0.0,-2.8999999999999996e-23,0.0,0.004015204,0.0,4.452982706263137e-22,-7.358069443044295e-23,0.0,-2.575882080250341e-22,0.0,4.790720963493453e-19,9.153947016785577e-23,0.0047674205145942
stock_115,3.5936809414485913e-22,0.0019671683264228,0.0,1.551793389823547e-07,0.0,3.5816144233627385e-23,0.0,1.0128433756605338e-22,0.0,1.9850074432721994e-16,-8.542183857533864e-23,0.0,-1.6940719954448266e-22,0.002174993475019575,2.063412266371699e-21,0.018294062,0.0,-5.98e-24,0.0,-5.98e-24,0.0,0.004007366,0.0,0.0035131214213798,-7.699623734671976e-23,0.0,-2.0919875873632392e-22,0.0,0.0309563356812381,-6.913178639144247e-23,0.005837572135356
stock_116,1.3499953081877482e-22,0.0059142768963929,0.0,8.557928845285048e-08,0.0,6.956104608191045e-23,0.0,-4.558894224112133e-23,0.002161880836327605,2.8479321839322294e-17,-4.420266837820296e-23,1.1438518429183845e-18,-1.7660143825400452e-22,0.004450986647040059,1.2181592850992756e-21,0.0,0.0,1.3222205792057277e-23,0.014011238,1.3222205792057277e-23,0.0,0.004001109,0.0,-9.01013283227924e-23,-9.03716854726234e-23,0.0,-2.010456117477394e-24,0.0,-3.8007400742534777e-19,1.9788543867712068e-22,0.0049869816151747
stock_117,1.5932208182592902e-22,0.0097693805528593,0.0,1.1579580059380213e-07,0.0,1.5714147630510081e-22,0.0,-8.543459380906361e-23,0.0008707575590763964,2.9523430200018634e-16,-4.991982407649573e-23,0.0,-1.93468018835014e-22,0.004772985681042958,1.870672089527034e-21,0.0,0.0,-9.78e-24,0.0,-9.78e-24,0.0,0.003975496,0.0,-8.426772467721863e-22,-5.2900202673192864e-23,0.0,1.4275219503030429e-21,0.0,-2.988085621816712e-21,1.3730936123504057e-23,0.0054385524172312
stock_118,3.5523448340326207e-22,0.0047415213787588,0.0,1.277009117830051e-07,0.0,-4.0951011578284513e-23,0.0,1.431673363605148e-22,0.004784162221132386,3.818141631655208e-17,3.696230147700109e-23,0.0,-1.465389974374857e-23,0.004280987157038529,1.861725893908105e-21,0.0020272487,0.01486,-5.04e-24,0.0011356451,-5.04e-24,0.0,0.003956883,0.0,-2.767094403658436e-22,5.169871245954676e-23,0.0,-1.889867371229037e-22,0.0,-5.461596354874598e-19,2.148327687313254e-22,0.0048625215602307
stock_119,1.8717017125273468e-22,0.0043190876696628,0.0,1.11210366729325e-07,0.0,-2.0171295265223804e-22,0.0,5.034519725632114e-23,0.0,2.658280911370789e-16,0.0873921220149535,1.1717392485933605e-18,-2.3663980145863965e-22,0.006868979393061821,1.309948892629244e-21,0.012252368,0.0,2.302823270249042e-24,0.006232229,2.302823270249042e-24,0.0,0.00394935,0.0,-4.250624687442832e-22,-8.761504364378179e-23,0.0,1.5209221632694578e-22,0.0,0.09070113104848,1.6688489628981174e-22,0.0054081476970955
stock_120,1.8087403544584925e-22,0.0077200482509546,0.0,1.1297839640100517e-07,0.0,-2.7141338886865333e-22,0.0,5.1559547229459383e-23,0.00840731436349624,4.8242259749925135e-17,-3.582722770101652e-23,9.314029292436569e-19,-2.580926287304286e-22,0.00755097734706796,9.871836507726937e-22,0.0,0.0,-8.16e-25,0.0037362748,-8.16e-25,0.0,0.003930294,0.0,0.0132344031387147,-9.949625060560948e-23,0.0,3.693168681416865e-22,0.0,3.191057557391402e-20,7.401866629476576e-23,0.0056057052657256
stock_121,2.7126114597836083e-22,0.0011348265540258,0.0,1.131962305445188e-07,0.0,0.0526963767136146,0.0,-1.1127135385312536e-22,0.051294626324902656,0.0,-5.996008133717375e-23,3.1834930328796135e-18,-1.828074350998961e-22,0.00534898395304814,1.333786962686534e-21,0.00069421565,0.0,-1.2499999999999999e-23,0.0049375556,-1.2499999999999999e-23,0.0,0.003899763,0.0,3.0891076189210944e-23,-2.000304533444264e-23,0.0,-5.9863745361375725e-24,0.0,-3.545733131252112e-19,-4.078541108788104e-23,0.0047237344216333
stock_122,2.2893031076432374e-22,0.0083991118098371,0.0,1.1034969548702717e-07,0.0,-2.4215732917682257e-22,0.0,1.2634248822370896e-23,0.0,1.4467427604231754e-16,-8.167003342219549e-23,2.099582047745459e-18,-1.885103395723796e-22,0.007310978067065799,1.7424034655632e-21,0.0,0.0,3.8548589147208414e-24,0.0026356275,3.8548589147208414e-24,0.0,0.003878986,0.0,-6.33290499984217e-22,-8.642984908361627e-23,0.0,4.408198022102066e-22,0.0,-4.354491117381775e-20,1.821698777490373e-22,0.0050678178887554
stock_123,1.4780110931996174e-22,0.0050271411142888,0.0,1.094789515935594e-07,0.0,-2.8761203108606568e-22,0.0,-1.0933099509620271e-22,0.005054397325673335,4.4095968202714203e-17,-4.648689395430895e-23,5.19867346716088e-19,-2.316959331195625e-22,0.0063139810580568265,9.733419851302789e-22,0.017642222,0.0,4.625330957465656e-24,0.0,4.625330957465656e-24,0.0,0.003860621,0.0,-6.736639646518658e-22,-7.450420186391009e-23,0.0,6.015337318547212e-22,0.0,7.525957870549109e-20,3.3135698378154655e-23,0.0046670349172354
stock_124,0.1,0.0043061520443866,0.0,1.1412294363926609e-07,0.1,0.0920513791448956,0.0,0.1,0.0010108794651346672,0.0999999999999999,-3.5100591097449004e-23,0.0,-5.679934921541078e-23,0.00527998416004752,4.637023133304446e-22,0.0003325233,0.0,-7.75e-24,0.0,-7.75e-24,0.0,0.003854118,0.08333333,0.0100079029772219,0.1,0.0,0.0364220140472522,0.0520287533430104,-3.69849757264772e-19,0.0476180520743497,0.0043526713028714
stock_125,3.482978833903415e-22,0.008305682376538,0.0,1.1302276692153499e-07,0.0,-3.23465541531062e-22,0.0,0.1,0.0,0.0,-9.289167099415466e-23,2.3391673669138408e-17,-2.747699397747041e-22,0.0032259903220290343,2.3920587789721978e-21,0.010152868,0.0,0.005163916,0.0,0.005163916,0.0,0.003852165,0.0,0.1,-1.285971298195221e-22,0.0,3.7533602244805625e-22,0.0,0.1,9.521419134777768e-23,0.0045684505912583
stock_126,3.1570505395035567e-22,0.0037936229746331,0.0,1.381136481139648e-07,0.0,1.7230170473803605e-22,0.0,1.0286875402010824e-22,0.000170148028785043,0.0,-8.335408206082966e-23,7.40068040582683e-18,-1.678973141153371e-23,0.006211981364055908,1.411872119514491e-21,0.0051779086,0.0,1.686566751694834e-23,0.0,1.686566751694834e-23,0.0,0.00381588,0.0,2.871807916918235e-22,-4.41580618161534e-23,0.0,3.6521552728922816e-22,0.0,-3.821764531431052e-19,1.1568422156124512e-22,0.0041698720549139
stock_127,1.4540208121306052e-22,0.0086186100971583,0.0,1.036062296944819e-07,0.0,-3.322516229894078e-22,0.0,5.212536636052867e-23,0.0022219330817811497,1.5578842618584419e-16,-9.720411079893856e-23,7.122658789549997e-18,-2.542663211410728e-22,0.005901982294053118,1.9804683741487245e-21,0.04766448,0.00853,-2.35e-24,0.009924766,-2.35e-24,0.0,0.003808152,0.0,-1.0491233130867534e-21,-1.5022790788277652e-22,0.0820322746350033,8.906717251503581e-22,0.0,-6.460006520044353e-19,1.968779993382274e-22,0.0044084330986438
stock_128,2.8682406056926543e-22,0.0101701827508229,0.0,1.1656091260930293e-07,0.0,1.1830447395718365e-22,0.0,3.283885441562361e-23,0.00018015673636063374,2.8967641032227655e-17,-2.413401296937989e-23,0.0,-2.2423336496163675e-22,0.006718979843060471,1.063063579267995e-21,0.0,0.0,2.568915892732471e-23,0.011471931,2.568915892732471e-23,0.0,0.003761431,0.0,1.5790934257779791e-24,1.3163385682128858e-23,0.0,2.54268639874059e-22,0.0,-2.4301641060057204e-19,1.0328549711482232e-22,0.0054818483249504
stock_129,2.8398140810194e-22,0.0015187431684816,0.05,1.4258789819331818e-07,0.0,3.3360628620120744e-22,-0.0,4.444037095307043e-23,0.0,0.0,9.63613038360996e-24,5.751175558043494e-19,-2.1220125123487176e-23,0.004930985207044379,1.5386917961155344e-21,1.91507e-05,0.0,2.0819224866435844e-23,0.0039899033,2.0819224866435844e-23,0.0,0.003724132,0.0,-6.282778266862298e-23,2.111670346770959e-23,0.0,9.37079434750382e-22,0.0,4.22391328013213e-19,1.4007434404323197e-22,0.0052283586397362
stock_130,-1.3419148861037265e-23,0.0081161004579646,0.0,9.373607763463484e-08,0.0,-1.3059888605403233e-22,0.01576903,-1.7588933410804793e-22,0.0010308968802858487,2.635547511833314e-16,1.4582375951895342e-23,0.0,0.1,0.004715985852042443,0.0807796775244301,0.0,0.0,3.451026641813119e-23,0.0034365777,3.451026641813119e-23,0.0,0.003705052,0.0,0.0048808931881723,-1.5291226100399486e-23,0.0,0.1,0.0,-4.837845561521511e-20,1.3382271282984258e-22,0.0044002630282028
stock_131,2.3870374758979827e-22,0.0005228828623332,0.0,9.83731848194987e-08,0.0,-3.601834451889815e-22,0.0,7.44361883566422e-23,0.0025121856014732814,6.991181746581982e-17,-1.0354829017238937e-23,0.0,-1.7972922602702156e-22,0.004405986782039654,1.840252117170413e-21,0.0013596136,0.0,0.0215921071954339,0.0,0.0215921071954339,0.0,0.003668945,0.0,-1.121460771685372e-21,-9.966664750029891e-23,0.0,1.0870362389643289e-21,0.0,4.488058014861118e-19,1.6705588818187596e-22,0.0046213367481392
stock_132,2.396402117164607e-22,0.0064065420658303,0.0,9.885602397531705e-08,0.0,-2.7747536864129707e-22,0.0,-1.5490027607453777e-22,0.010509142954370302,5.2901359577077946e-17,-5.914407538760337e-23,5.6407706711527e-18,-1.404160190586125e-22,0.005317984046047862,1.4782005382684954e-21,0.0,0.0,-5.49e-23,0.009239811,-5.49e-23,0.0,0.003641483,0.0,1.2621324709310326e-22,-6.679100820147162e-23,0.0,4.504720487094837e-22,0.0,5.6913121640463125e-19,-3.468742568481737e-23,0.0050497554508964
stock_133,3.5591031979197545e-22,0.0093031158079251,0.0,1.3314246038441377e-07,0.0,0.0339553075112039,0.0,2.2803562137722447e-22,0.00028024381211654134,1.7873370098572075e-16,-3.413276627104491e-23,0.0227593416976087,-1.1008359209498117e-22,0.003028990913027261,2.13530355451221e-21,0.0096226735,0.0,-1.4e-23,0.007852061,-1.4e-23,0.0,0.003579119,0.0,0.0221885375059167,-6.097078105316242e-23,0.0,-2.392042470014851e-22,0.0,0.0435143128231301,1.9058629411189748e-22,0.0047151635451148
stock_134,2.955383576479513e-22,0.0054424028670191,0.0,1.0912239747983405e-07,0.0,-8.556151710596001e-23,0.0,-6.496113769815913e-23,0.03296868275399597,7.256080515746336e-17,-5.885515912484498e-23,0.0,-4.750668359396933e-23,0.0062039813880558365,6.209372636613425e-22,0.0,0.0,1.733389775207251e-23,0.025658105,1.733389775207251e-23,0.0,0.003559296,0.0,7.529510820714521e-23,-4.056169183245233e-23,0.0,2.167645665322374e-22,0.0,-4.470930973653822e-19,1.0513833992872776e-22,0.0043270680631447
stock_135,0.0659060255104758,0.0042994011215072,0.0,8.996733377866229e-08,0.0,3.3079338820135745e-22,0.0,-1.9868581861729475e-22,0.0,1.5048029509055298e-16,-5.630738694498489e-23,5.65725079730665e-18,0.0148624963098685,0.003885988342034974,2.327630786607293e-22,0.0,0.0,1.379799297674718e-23,0.0,1.379799297674718e-23,0.0,0.003533227,0.0,-1.5420399585453121e-22,-3.383782312813548e-23,0.0,4.382570959596717e-22,0.0060448278442593,-9.800364928375785e-19,6.1636605492815e-23,0.0046723148267491
stock_136,3.2831380335735197e-22,0.0053104150113913,0.0,1.3592333854966504e-07,0.0,-5.821681726924559e-22,0.0,8.453809191913439e-23,0.003122716763584318,2.710720561582787e-16,-7.167961160362526e-23,1.2638192760263145e-18,-3.1284799590029146e-22,0.003626989119032643,2.577355505976265e-21,0.026985861,0.0,0.0176982371571397,0.007283322,0.0176982371571397,0.0,0.003505272,0.0,0.0202875632752511,-6.607588891947163e-23,0.0,8.690822250154155e-22,0.0,0.0249376682884135,9.817853727027629e-23,0.0047438541188688
stock_137,3.321154219145718e-22,0.0075222841612307,0.0,1.433346971333891e-07,0.0,2.906709445612058e-23,-0.0,5.2437706996594524e-24,0.009628376687718314,8.424144965945951e-17,-5.1270872779049984e-24,4.60355823068142e-19,-3.102779860873288e-23,0.003318990043029871,7.619182332106376e-22,0.0,0.0,2.0730611306891876e-23,0.008574975,2.0730611306891876e-23,0.0,0.003480919,0.0,0.0165094665959595,0.0026441294968173,0.0,3.186509378442739e-22,0.0,2.1675130704965625e-19,1.2978681329463897e-22,0.0053788561326612
stock_138,1.6763354272517693e-22,0.0039085020946928,0.0,1.2545202113324604e-07,0.0,-5.672953974471301e-22,-0.0,-3.1310276523052064e-23,0.0015313322590653866,0.0,-5.769862493061279e-23,1.3023319189573488e-17,-1.9979335302734048e-22,0.0046959859120422635,2.1570647764404733e-21,0.0,0.0,2.301213905197762e-23,0.006587222,2.301213905197762e-23,0.0,0.003421813,0.0,-7.480542095873209e-22,-1.4454139481959012e-24,0.0,1.0460862861228425e-21,0.0,6.303234531617987e-19,4.149775750356488e-23,0.0048490733767244
stock_139,3.108738667502697e-22,0.0012419754940069,0.0,1.2647140934088618e-07,0.0,-4.457745662097528e-23,-0.0,-1.6272791576451285e-22,0.0,1.4586104686823663e-16,-2.992905991146252e-24,0.0,-1.0567929378287481e-22,0.006041981874054378,1.1743179879774013e-21,0.018445386,0.0,1.4560368154000052e-23,0.0017761174,1.4560368154000052e-23,0.0,0.003349257,0.0,4.8232282653166446e-24,-1.881575583227407e-23,0.0,-1.5358716107519162e-22,0.0,-1.8754174088962952e-19,6.54384685345935e-23,0.0046664280280177
stock_140,0.0077190656438049,5.462149055073582e-05,0.0,1.3126935521530206e-07,0.1,0.0756451160390217,-0.0,-2.0353560180613688e-22,0.022859888102649304,0.0,0.0416829621290781,0.0999999999999999,0.013589228382758,0.006134981595055215,2.4231055148819567e-22,0.0,0.0,1.1388109623668657e-23,0.007978984,1.1388109623668657e-23,0.1,0.003319815,0.08333333,1.0878172133023688e-22,3.910454406420339e-23,0.0,0.1,0.0174922270948951,1.192978891646244e-18,0.042064680577245,0.0048783680985348
stock_141,-1.1900547327322181e-23,0.0103016043871526,0.0,1.9441970203488598e-08,0.0,1.5604950744142149e-22,0.0,-8.965498747732617e-23,0.03337903976459519,3.194017702726848e-16,4.633249210569696e-23,0.0,-1.3568802595462665e-22,0.004285987142038574,0.0985045930606214,0.0,0.0,-2.2399999999999998e-23,0.015649717,-2.2399999999999998e-23,0.0,0.003300245,0.0,1.3708712791338866e-22,-7.738147502748471e-23,0.0,-2.255948550270362e-22,0.0,6.033162640731006e-19,-4.2440380818774344e-23,0.0054369947764194
stock_142,0.1,0.0006405249377862,0.05,1.0924603604504453e-07,0.1,0.1,0.0695851,4.579212346967838e-23,0.00010008707575590764,0.0,0.0955926106263386,0.0772940276321501,0.1,0.004328987013038962,2.4408946510766974e-23,0.0,0.0,2.1100476628449208e-23,0.004190092,2.1100476628449208e-23,0.1,0.003252125,0.08333333,2.1705344897711043e-22,0.1,0.0,0.1,0.0,-9.67235584832385e-19,0.1,0.0056080466131602
stock_143,1.908901890763016e-22,0.0025168480916607,0.0,1.4331713532936656e-07,0.0,-2.155074062260484e-22,0.0,4.604393149098804e-23,0.0,3.401225929301491e-16,-6.1750814127271534e-24,0.0,-1.2651202630108517e-22,0.006138981583055252,2.3311070707755087e-21,0.0,0.0,-2.6099999999999997e-23,0.019699218,-2.6099999999999997e-23,0.0,0.003244645,0.0,5.4394547683526985e-22,-2.0131391933597182e-23,0.0,1.4887997243758034e-21,0.0,3.738091200416701e-19,5.051010462680017e-23,0.0054107901541954
stock_144,8.114335858194537e-23,0.0096926335357538,0.0,1.2921417075358186e-07,0.0,-1.6884455412809092e-22,0.0,1.0960549062324625e-23,0.00262228138480478,2.430117487611542e-16,6.4155803196699225e-24,0.0,-8.053085965321551e-23,0.003900988297035109,2.3979089825232666e-21,0.006193058,0.0,3.620698988752532e-24,0.0,3.620698988752532e-24,0.0,0.003239291,0.0,-1.2713064556509071e-22,-8.446611681670247e-23,0.0,3.1138586717097565e-22,0.0,-1.074519085466164e-19,-1.999574432251784e-23,0.0047804605080327
stock_145,3.0997449994570733e-22,0.003949338878328,0.0,1.2097529340659666e-07,0.0,-1.4540122581936462e-22,0.0,1.1508914238449868e-22,0.0024321159408685553,3.688344806463193e-16,7.400393693441068e-24,0.0,8.588517262023161e-23,0.004752985741042777,8.147413430644519e-22,0.0072698686,0.0,0.015574417,0.0,0.015574417,0.0,0.003227972,0.0,-3.3485241171093533e-22,-6.768075302235588e-23,0.0,-8.564151248730404e-23,0.0,6.042813252632771e-19,-1.5371143097405912e-23,0.0044012210208705
stock_146,4.26929559220835e-22,0.0100501151951345,0.0,1.2134605322216548e-07,0.0,-1.0886554066113371e-22,0.0,6.734569832115166e-24,0.0,0.0,-7.106401564598158e-23,1.2047741929056373e-18,-1.3934734819460378e-22,0.004815985552043344,1.6022989468047565e-21,0.0041788053,0.0,6.5312666942509784e-24,0.005390679,6.5312666942509784e-24,0.0,0.003214094,0.0,1.3474145640127546e-22,-6.217893779266872e-23,0.0,2.7472024134277114e-22,0.0,-1.7667670803343972e-19,1.8955430042259368e-22,0.0048576525197332
stock_147,3.0411690919658505e-23,0.0038438026367621,0.0,1.0937002659024688e-07,0.0,-1.8294924783086308e-22,0.0,-1.297831877078297e-22,0.0031927777166134534,2.312863398516856e-16,-2.1384727277218374e-23,0.0,0.0086008047590942,0.0058659824020527935,5.62724148484162e-22,0.0,0.0,2.818053462158736e-25,0.0,2.818053462158736e-25,0.0,0.003189522,0.0,7.332445971955328e-22,-1.7044753200556314e-23,0.0,6.172353441425452e-22,0.0,-2.919241508329397e-19,2.2118630794042772e-23,0.0054397328261535
stock_148,2.022667937850448e-22,0.0028746066388473,0.0,1.1451145949294421e-07,0.0,-8.880139400436926e-22,0.09881229,8.945048053739563e-24,0.003463012821154404,1.2065000174335662e-16,-3.279833174196732e-23,0.0353300174102641,-2.724346396232753e-22,0.005007984976045072,0.1,0.0,0.0,-8.87e-25,0.0,-8.87e-25,0.0,0.003025119,0.0,0.0807848911170893,-6.94736561171246e-23,0.0,-1.8389963607713385e-22,0.0,0.0089588203828701,1.1151755759779352e-22,0.0048289711183238
stock_149,9.747254884956908e-23,0.0022147341639445,0.0,1.031885345267087e-07,0.0,3.4589411697115383e-22,0.0,-8.211866257601034e-23,0.005704963318086735,1.3976887952049352e-16,-1.1663683034966014e-22,5.509111976993214e-18,-1.2179001740733356e-22,0.004969985090044729,1.4217849349521129e-21,0.00023559209,0.0,2.292459904942501e-24,0.011648852,2.292459904942501e-24,0.0,0.00302164,0.0,2.8453916661015005e-23,-9.200185668603096e-23,0.0,1.7400675506040883e-22,0.0,0.0790259120360371,2.2850250180289105e-22,0.0048748149953455
stock_150,1.4664874249772107e-22,0.0104868466048809,0.0,8.160301821666149e-08,0.0,-2.6803523672165733e-22,0.0,-7.396745637630493e-23,0.00032027864241890444,0.0,-1.90457129330102e-23,4.3568560978909594e-18,-1.6982581301193632e-22,0.00520998437004689,1.3365013143486185e-21,0.009307882,0.0,1.853894231326996e-24,0.010913251,1.853894231326996e-24,0.0,0.002999004,0.0,-3.2281810217222136e-22,-7.015775742477351e-23,0.0,6.525350701261862e-23,0.0,1.6183733066773836e-19,1.0623256550110831e-22,0.0041787366973308
stock_151,3.105743958701632e-22,0.0032185856962695,0.0,1.1405732427284053e-07,0.0,0.0913294808279631,0.0,0.041052376864613,0.0,0.0655580061340206,0.1,0.0999999999999999,0.0710807586971,0.005338983983048051,1.401820219110875e-21,0.0055033853,0.23128,-1.0399999999999998e-23,0.0,-1.0399999999999998e-23,0.0,0.002950558,0.0,0.0919427979090288,-8.599676120983577e-23,0.0,-6.37735943620988e-22,0.0,-8.268644281559161e-19,0.1,0.004488648052245
stock_152,2.4435535288327543e-22,0.0016045724539695,0.0,1.3955220672773236e-07,0.0,-6.83215445484906e-24,0.0,4.922053350145249e-25,0.0,9.712135813010598e-17,-7.221803060511295e-23,2.351623576908788e-18,-3.0487496684688684e-22,0.004737985786042642,2.0226066329164907e-21,0.0,0.0,2.987324653765813e-24,0.0,2.987324653765813e-24,0.0,0.002932137,0.0,7.05133498937721e-22,-2.149930893125137e-23,0.0,-2.4971912403827418e-23,0.0,-2.2849186342912992e-20,1.9021595789338192e-22,0.0048451525683921
stock_153,1.6720190836854032e-22,0.0038816210160124,0.05,1.3689927826258936e-07,0.0,7.788899403560312e-23,0.0,-3.61155977542982e-23,0.0018816370242110635,1.9344074478984031e-16,-3.572753789540589e-23,0.0,-1.328175858072184e-22,0.006863979408061776,1.9072036728397656e-21,0.0,0.0,-1.5999999999999999e-24,0.0071012056,-1.5999999999999999e-24,0.0,0.002929689,0.0,2.3240864480512753e-22,1.3551741323945726e-23,0.0,2.6227947614002267e-22,0.0,1.5584539249879722e-19,1.28204927333901e-22,0.0050527109518251
stock_154,1.679019257855001e-22,0.0017011158248292,0.0,5.0497501394051397e-08,0.0,2.053284808705721e-22,0.0,-6.502282725583022e-23,0.0016714541651236575,0.0,-5.2482730918893625e-24,0.0,-1.844245815452497e-22,0.005711982864051408,4.063751582869647e-22,0.008987521,0.0,-1.8199999999999997e-23,0.009888266,-1.8199999999999997e-23,0.0,0.002927266,0.0,3.291141385606772e-22,-9.098403663052642e-23,0.0,3.168259473920381e-22,0.0,-1.5576042759162423e-19,1.0184827152895592e-22,0.0045425524714577
stock_155,0.0048539802795511,0.0106798873850658,0.0,1.1811483846947545e-07,0.0,0.0470964574498411,0.01284578,1.832159856685165e-23,0.0039934743226607144,3.5369455060114666e-17,-6.765199117459972e-23,5.191944219867572e-18,-3.923902970688235e-23,0.006845979462061613,1.906191926003418e-21,0.0,0.0,-5.81e-24,0.004832504,-5.81e-24,0.0,0.002900711,0.0,0.0190897340772332,0.1,0.0,3.354437107957427e-23,0.0,0.0215209992522209,1.6000930348971634e-22,0.0053738462727047
stock_156,2.5601127665360425e-22,0.0035395350573182,0.0,1.445269021407484e-07,0.0,6.046651695088055e-22,0.0,4.447600253203069e-23,0.0,5.299832907439984e-17,-3.594877160122951e-23,0.0,-3.909344835315881e-22,0.004410986767039699,2.969300158961739e-21,0.0,0.0,-2.11e-25,0.012687811,-2.11e-25,0.0,0.002898899,0.0,1.1429854219126197e-21,-4.236859121690574e-23,0.0,-4.912628213591365e-22,0.0,-2.5198243343695683e-19,7.705814326897008e-23,0.0049695578008656
stock_157,3.341559502681432e-22,0.0057568379581485,0.0,1.0689998985808687e-07,0.0,-7.708911028200511e-23,0.0,0.1,0.011269804730115199,0.0999999999999999,0.0253357515396973,0.0,-1.852877224917526e-22,0.0046719859840420475,1.4052978532069146e-21,0.012013708,0.0,0.070504423,0.0,0.070504423,0.0,0.002805203,0.0,1.4489792081674244e-22,-8.276662922827709e-23,0.0440111353414916,-1.3801467231213265e-22,0.0,0.0047413698313903,1.289976331845371e-22,0.0041601479544908
stock_158,1.756573313574695e-22,0.006991699834006,0.0,1.372400118192389e-07,0.0,-1.9648033763334895e-23,0.0,8.75213744874092e-24,0.03451002372063695,4.200153984127437e-17,-1.1062361066306745e-23,1.3594626544103534e-18,-2.9981126505722853e-22,0.0043519869440391675,1.8923300871615784e-21,0.0,0.0,3.3001659956294013e-24,0.0028254134,3.3001659956294013e-24,0.0,0.002791804,0.0,-8.383245474043042e-23,-3.8428022543727147e-23,0.0,8.108313293342799e-22,0.0,-4.725844902635867e-19,2.15419320685302e-22,0.0050720178087815
stock_159,0.0322791949956568,0.0005433534370118,0.0,6.945679200612255e-08,0.0,2.4595365000921085e-22,0.0,-3.9827209866108027e-23,0.00015013061363386144,3.108879838493471e-16,1.5590274348757566e-23,1.7056086551444998e-17,-1.4629737633131997e-22,0.00650998047005859,1.351523214862606e-21,0.0,0.0,-1.34e-23,0.0,-1.34e-23,0.0,0.002727725,0.0,4.811886745027179e-22,-7.426549936405442e-23,0.0,8.321388665811428e-22,0.0,3.903728904160313e-20,5.2505126479166503e-23,0.0041600873902472
stock_160,1.8847442204068192e-22,0.0023899849245344,0.0,1.0299300521396824e-07,0.0,-9.648531136134185e-24,0.0,-8.800793839712138e-23,0.0,1.9620891744943716e-16,-1.1238679717412498e-22,8.630304857850497e-19,-1.1280626859695396e-22,0.005290984127047618,1.4653955775161625e-21,0.0007764038,0.0,3.122452886789476e-23,0.0,3.122452886789476e-23,0.0,0.002648129,0.0,-1.0128326658992248e-22,-1.144942031434146e-22,0.0,1.7423032848805133e-22,0.0,-5.382923766440371e-19,2.2252066994365397e-22,0.0045874722794992
stock_161,1.6165835150686232e-22,0.006317442847307,0.0,1.396305902640034e-07,0.0,-6.191425948139357e-23,0.0,7.712835114063689e-23,0.006195389989290682,1.1052983131156384e-16,-4.8366730683974336e-23,2.8755855649479603e-18,-3.638612572327229e-22,0.005246984259047223,1.5231049239691606e-21,0.0,0.0,0.003468137,0.0,0.003468137,0.0,0.002637178,0.0,0.0009251802220568,-4.551395037940002e-23,0.0,3.1215909718562723e-22,0.0,-9.1794809444352e-19,-1.062683266725723e-24,0.005001762985228
stock_162,1.2711208240465302e-22,0.002728862231543,0.0,9.587163849350733e-08,0.0,1.4536873669507222e-22,0.0,5.564774000557309e-23,0.0,0.0,-5.0424623000634976e-23,5.400055813449572e-18,-1.1986738152730088e-22,0.0031619905140284578,1.996641771924694e-21,0.00028874062,0.0,1.1173538116736484e-23,0.004229493,1.1173538116736484e-23,0.0,0.002604937,0.0,-2.867427578124602e-22,-1.371204223144909e-22,0.0,5.8953038284405095e-22,0.0,-1.2920970532096042e-18,1.1782194341390747e-22,0.0066549135118414
stock_163,2.3770458118033686e-22,0.0013398419479183,0.0,1.3006394842369537e-07,0.0,2.1171782935793144e-22,0.0,7.298136750123726e-23,0.0012510884469488454,1.194854767891317e-16,-1.567548966585229e-23,0.0,-2.1993168555451933e-22,0.004797985606043182,1.4886779677071797e-21,0.0,-0.0,6.78554101509269e-24,0.013649735,6.78554101509269e-24,0.0,0.002542574,0.0,-2.755355402144143e-22,-3.8315298918197793e-23,0.0,1.7939036059329585e-23,0.0,5.9022360130654535e-19,1.3520358893137257e-22,0.0041264938280522
stock_164,0.0469864263927497,0.0067400472412055,0.05,1.914315553050266e-07,0.1,0.1,0.03769541,0.0833131798573901,0.0033729344529740872,0.0353651285092317,0.0712940464337881,5.5073089157128025e-18,0.0031605181841716,0.004456986629040113,0.0600027863465027,0.0,0.0,2.8453964256377275e-23,0.0,2.8453964256377275e-23,0.1,0.002533849,0.08333333,9.41885254869658e-22,0.0130738298570626,0.0,-1.7919061090558392e-22,0.1,-2.1272073668012128e-19,0.1,0.0050040976063859
stock_165,1.0199388273669289e-22,0.0067063071667745,0.0,1.3556383695484136e-07,0.0,-9.24147913041616e-23,0.0,1.416809414340934e-23,0.0003002612272677229,4.353643108227726e-16,-1.030851623216729e-23,3.164370287384566e-18,-1.347627268724675e-22,0.005776982669051993,1.100713166757714e-21,0.0,0.0,2.8538356170868784e-24,0.0037508497,2.8538356170868784e-24,0.0,0.002478627,0.0,1.9613082355086405e-23,1.0489066012852796e-24,0.0,2.1589389933154203e-22,0.0,1.3079805625661305e-18,9.154022125251178e-23,0.0057708701673692
stock_166,4.943984390858536e-23,0.0036070047493473,0.0,1.857437689007147e-08,0.0,1.973723207519349e-22,0.0,-6.012785686127886e-23,0.0013011319848267992,1.2834370846636442e-16,5.975762823452668e-24,0.0,-1.5997043644156822e-22,0.006062981811054567,1.6454714644822714e-22,0.0,0.0,-3.6799999999999996e-23,0.008332027,-3.6799999999999996e-23,0.0,0.002424143,0.0,1.4741303342630637e-22,-1.151360073536308e-22,0.0,2.1432970488325083e-22,0.0,4.9786013632338636e-20,4.649901329883305e-23,0.005165558577209
stock_167,2.5640093133902047e-22,0.0010655791040797,0.0,9.420322460577941e-08,0.0,-7.439629724560922e-23,0.0,0.0731665319092881,0.05184510524156015,1.6160992509284034e-16,-1.6232708575508665e-23,8.96113297826246e-18,-2.535049311574663e-22,0.0040529878410364775,6.541966079124589e-22,0.009875046,0.0,3.569644932142833e-24,0.010739863,3.569644932142833e-24,0.0,0.002390247,0.0,-4.727045827989492e-22,-4.3928908344040333e-23,0.0,4.670735374318224e-22,0.0,6.489743379068683e-19,-1.7121439094458066e-24,0.0058567796995033
stock_168,-1.019939351405726e-23,0.0081484075032152,0.0,4.302604355392317e-08,0.0,1.6756435330134625e-22,0.0,-1.4406777989906458e-22,0.0,1.5932467510445554e-17,3.941291175438431e-23,3.1202244616939095e-18,-1.8034127752861783e-22,0.0067649797050608855,2.104174076684625e-22,0.0,0.0,-2.13e-23,0.023158452,-2.13e-23,0.0,0.002373563,0.0,2.7987737460355235e-22,-8.899841111615448e-23,0.0,2.57807042850345e-22,0.0,4.0121306521082816e-19,6.857189874231685e-23,0.0052420713040145
stock_169,7.6115024468058175e-22,0.0051766256873811,0.0,1.172416854558746e-07,0.0,3.2262373475901364e-22,0.0,-6.2447501873283954e-24,0.03743256633270946,1.403624284591227e-16,-6.370654567116586e-23,0.0,0.0247546968424358,0.005213984358046926,1.494739614382921e-21,0.0,0.0,-1.4499999999999998e-23,0.006755124,-1.4499999999999998e-23,0.0,0.002367342,0.0,8.303584831146613e-22,-2.0219174899651168e-23,0.0,1.0700541229335284e-22,0.0,-2.294262506440167e-19,1.2100014160915793e-22,0.0044221720545514
stock_170,5.999803900405407e-23,0.002078876083257,0.0,1.4782442801449348e-07,0.0,-3.244628102799806e-23,0.0,1.176251804909015e-22,0.0,1.1016601913021095e-16,1.8118580012617357e-24,1.751993071576889e-18,-7.128599413024437e-24,0.006637980086059742,1.5348532067237819e-21,0.021026198,0.0,0.0543248731868901,0.0,0.0543248731868901,0.0,0.002300045,0.0,0.0163214639092186,-6.105171966847082e-23,0.0,2.7785510479905527e-22,0.0,-9.041398734034973e-19,1.0806284066591884e-22,0.0052512826822309
stock_171,1.34903589072266e-22,0.003569703678487,0.0,1.22801280118304e-07,0.0,9.702751686123009e-23,0.0,8.888112878261475e-23,0.0,1.642470091808615e-16,-8.19678211896569e-23,1.0538148110617517e-17,-2.8240788541504467e-22,0.005313984058047826,2.6863788756053536e-21,0.00041542907,0.0,0.0540794677631464,0.0,0.0540794677631464,0.0,0.002276531,0.0,-7.602966568947226e-22,-1.6594159202342545e-22,0.0,8.013755575258371e-22,0.0,-8.415814327579118e-19,2.026182203823128e-22,0.0049798881411706
stock_172,4.401394901012806e-22,0.0029976240593733,0.0,1.2568619297770457e-07,0.0,9.47417138278642e-23,0.0,1.138270788002049e-22,0.0,1.8320116788519063e-16,-7.341235269569347e-23,1.8233063327401237e-19,-1.7201220053990278e-22,0.004101987694036918,2.545681764727501e-21,0.0029241592,0.0,1.4561182292579308e-23,0.0036577433,1.4561182292579308e-23,0.0,0.002220553,0.0,2.564590054435479e-23,-9.986325169364776e-23,0.0,2.30355657876139e-22,0.0,0.0545441143647668,2.146589466081707e-22,0.0045331239307359
stock_173,2.7216578211646585e-22,0.0077366130876117,0.0,1.2301688357682702e-07,0.0,-1.1836739291162731e-22,0.0,6.165862366786758e-23,0.002372063695415011,2.2305110486257525e-16,0.0192123961055074,2.2205029799343957e-18,-3.078898080918108e-22,0.003617989146032562,2.1611513362197205e-21,0.004884159,0.0,-1.11e-24,0.0018224852,-1.11e-24,0.0,0.00220897,0.0,-2.3903591734790162e-23,-6.437060801916265e-23,0.0,3.0423590290516595e-22,0.0,4.881178438519358e-19,9.049296133842158e-23,0.0051557407369835
stock_174,1.4747009981129413e-22,0.0060210651042655,0.0,1.0328280436712973e-07,0.0,-3.4461267206781335e-22,0.0,3.432444123799992e-23,0.0,0.0,-9.495733974427048e-23,0.0,-2.872387172148039e-22,0.006589980230059311,2.470896297041901e-21,0.020990536,0.0,6.3174433022991955e-24,0.0022615339,6.3174433022991955e-24,0.0,0.002195374,0.0,-1.3824817175098064e-21,-1.4445347596307297e-22,0.0,9.484381326990665e-22,0.0,-3.018042473843399e-19,1.8292882199921489e-22,0.0049561103109577
stock_175,0.0344335661643705,0.0079322354240108,0.0,8.600923587318517e-08,0.0,1.4387336748014814e-22,0.0147507,-2.1099683422726081e-22,0.0008307227287740334,4.721308825822232e-18,-4.047162161593895e-23,0.1,-1.5770820976885937e-22,0.005067984796045612,1.3331634105468529e-21,0.0,0.0,2.892801066207904e-24,0.0,2.892801066207904e-24,0.0,0.002138055,0.0,7.757110195665028e-22,-2.7046238732366585e-23,0.0,2.837776265954453e-22,0.0,1.7497094382314238e-19,-7.87305846414671e-23,0.0049655466300725
stock_176,1.2514431164012028e-22,0.0108816836471343,0.0,1.1890686482482805e-07,0.0,-1.7725308487074954e-22,0.0,-8.384222675836052e-23,0.012170588411918369,6.235520129030512e-17,-5.346263732469487e-23,0.0,-2.441859632037245e-22,0.005820982537052388,1.8168589547520616e-21,0.0,0.0,9.379809690088295e-25,0.0,9.379809690088295e-25,0.0,0.002130999,0.0,1.5745570774254611e-22,-3.427718190207941e-23,0.0,3.582535039880025e-22,0.0,-2.5402167342927033e-19,1.3195369573761908e-22,0.0061789820099461
stock_177,3.604547773961692e-22,0.005119337817539,0.0,1.1048825412064683e-07,0.0,-7.28991686117904e-22,0.0,2.770780604219858e-22,0.0011910362014953008,1.8207518229933432e-16,-1.9768856984390485e-23,0.0,-1.407994791843037e-22,0.0068609794170617485,1.915451915264812e-21,0.016664628,0.0,0.03916488,0.0,0.03916488,0.0,0.002006897,0.0,-1.5860354232003245e-21,-1.0298127471652022e-22,0.0,-8.493379864387081e-23,0.0,2.79588891494152e-20,2.087097303888641e-23,0.0051211632307416
stock_178,9.0677366102457e-23,0.009109371757846,0.0,2.8147824208984103e-08,0.0,1.7899172650718852e-22,0.0,-4.095659455539267e-23,0.0004604005484771751,1.0195377542933316e-16,-2.9437869485026723e-24,0.0,-1.7133385011715868e-22,0.003796988609034173,5.8124824525299375e-22,0.018423665,0.0,-2.4299999999999998e-23,0.0029558484,-2.4299999999999998e-23,0.0,0.001999862,0.0,-3.936887674971693e-22,-1.396962395429523e-22,0.0,-1.290435642823725e-22,0.0,-2.5664356892506856e-21,4.5785295421761257e-23,0.0047157184366748
stock_179,1.893069680496595e-22,0.0028615089527207,0.0,1.0431831612217969e-07,0.0,3.7455958568185455e-22,0.0,-1.4309994988916448e-22,0.02922542612072503,0.0,-2.113204232914845e-23,0.0,-1.1420008824800183e-22,0.0053049840850477445,9.055323445275357e-22,0.0,0.0,4.438526689396224e-23,0.008034665,4.438526689396224e-23,0.0,0.001986111,0.0,9.331445012585853e-22,-1.1504259704775572e-23,0.0,-7.035836472244523e-24,0.0,-3.7640755517889672e-19,8.383546684490965e-23,0.005683691194758
stock_180,3.273750402825891e-22,0.003151312842418,0.0,1.1071284861874085e-07,0.0,1.0044296955503163e-23,0.00490383,-1.4276922980713041e-22,0.0,1.0970668121034967e-16,-5.419463485508502e-23,0.0221078793935472,-1.3446531676147557e-22,0.005010984967045099,5.691738272360526e-22,0.0,0.0,1.5317314764500725e-23,0.014804932,1.5317314764500725e-23,0.0,0.001985051,0.0,6.330329595160132e-22,-2.639275525165561e-24,0.0,3.9648449225857983e-22,0.0,-1.6715990178829453e-19,1.4820210636264384e-22,0.0044965550832754
stock_181,8.366336913998813e-24,0.001518798836744,0.05,1.5518283462935977e-07,0.1,3.704211792002068e-22,0.0,-2.0379783894614398e-23,0.01074935193618448,4.0892388507444425e-17,4.907509864736499e-23,0.0,-2.332263659031173e-23,0.005087984736045791,8.451211166432129e-22,0.0001358727,0.0,2.918597798701604e-23,0.02613988,2.918597798701604e-23,0.1,0.001933772,0.0,1.2848643474773412e-22,5.391135074892259e-23,0.0,7.746290752064137e-22,0.0,1.9370529612450253e-18,1.3963228433159836e-22,0.0049816837907112
stock_182,3.945746583657622e-23,0.0005585021503985,0.0,9.95291210479674e-08,0.1,2.0263558237138853e-23,0.0,-1.93021796083672e-22,0.007846826739263159,0.0332414631140701,-5.973742180777884e-23,1.5366876142197766e-18,0.0491484462909257,0.0056319831040506875,6.190068541579789e-22,0.0,0.0,5.522255779476187e-23,0.0,5.522255779476187e-23,0.0,0.001925754,0.0,4.645146556652375e-22,-3.046747697291283e-23,0.0,5.715010803918764e-22,0.0,-5.717106678810392e-19,0.0443987297934918,0.0051504121800011
stock_183,3.6736997682028924e-22,0.0091966448758896,0.0,1.0627562857516962e-07,0.0,3.145849876509028e-22,0.0,-1.428369432096147e-22,0.0,0.0,-2.9021185877389543e-23,0.0,-3.65296258751271e-23,0.00291999124002628,1.4053300665715501e-21,0.0,0.0,-1.4599999999999998e-23,0.0017953126,-1.4599999999999998e-23,0.0,0.001880924,0.0,2.5789094295907697e-22,-3.922269941591434e-23,0.0,3.719003791033046e-22,0.0,1.5248109138166709e-19,1.116860619826231e-22,0.0065928733513514
stock_184,1.2418976783098637e-22,0.0004638166791313,0.0,1.3470118274137626e-07,0.0,-3.753202002217394e-22,0.0,1.290498422110789e-22,0.0016614454575480668,0.0128748994530783,-7.384182109282191e-24,7.869051837102042e-19,-1.1060202664501564e-22,0.006890979327062019,1.544026881072872e-21,0.0,0.0,0.1,0.008063228,0.1,0.0,0.001868659,0.0,0.0297672943394476,-7.727583881733808e-23,0.0,-1.5888699642277326e-22,0.0,-2.073350978939285e-19,1.3389424171293976e-22,0.0048623874656363
stock_185,1.8865159246045248e-22,0.0053665432749065,0.0,7.744526253792573e-08,0.0,-8.004237961588032e-23,0.0,-8.555630377494532e-23,0.014312451833094791,6.6540324238969296e-18,4.232916456475864e-23,0.0,-1.145683817071589e-22,0.003468989593031221,3.5214586508983895e-22,0.0,0.0,0.093086816,0.0035584592,0.093086816,0.0,0.00182402,0.0,-2.85150923201894e-22,-4.01604062493293e-23,0.0,-2.284295517227938e-22,0.0,1.1159718711497838e-18,1.1660265101933e-22,0.0045064882783923
stock_186,0.0653626424583517,0.0065676371993447,0.05,1.418429224887052e-07,0.0,-1.9126801911981598e-22,0.0,6.063176139874271e-23,0.019577032017855534,0.0214995759206685,1.0772811905184295e-23,0.0259890973963353,0.037342040405408,0.0028299915100254702,1.165066277233429e-21,0.0,0.0,0.038550694,0.005398182,0.038550694,0.0,0.001823131,0.0,-3.2863681869713235e-22,-4.581285845908832e-23,0.0,-5.696395743701026e-22,0.0,-3.5480915488184175e-19,0.044103549562059,0.0049012175938346
stock_187,3.0542920317146633e-22,0.0031411094782378,0.0,1.4602389593728322e-07,0.0,-4.297555603387951e-23,0.0,8.67617616915895e-24,0.00018015673636063374,2.872783922049431e-17,-1.0744049075102744e-22,0.0,-1.200275814853662e-22,0.006926979219062343,1.7856894782014337e-21,0.020028744,0.0,-2.98e-24,0.0,-2.98e-24,0.0,0.001795974,0.0,5.484697043869719e-22,-7.207619587805194e-23,0.0900000000005599,-5.236688062348702e-22,0.0,-1.7153284457297022e-19,4.6391495048151305e-23,0.0043219380058951
stock_188,0.1,0.0026881935997157,0.0,1.1406489190458897e-07,0.0,0.1,0.1,8.182485486459407e-23,0.0,1.3092004751666055e-16,-7.485202257458583e-23,0.0831692833336179,0.1,0.004541986374040878,1.7387532427680903e-21,0.011363363,0.0734,6.091434266130346e-24,0.00023942323,6.091434266130346e-24,0.0,0.001783246,0.0,0.1,0.0393540297601478,0.0,3.907073936917493e-22,0.0,0.1,6.015342986141111e-23,0.0050897089689936
stock_189,2.288505584604239e-22,0.0087440448523985,0.0,1.0112549395497705e-07,0.0,8.36803662651342e-23,0.0,-6.797998632297045e-23,0.0,1.507952077457071e-16,-1.1376310658664508e-22,5.8002575156999296e-18,-1.2176763725580024e-22,0.006887979336061992,1.5731211875063888e-21,0.0068503655,0.0,-6.17e-24,0.0,-6.17e-24,0.0,0.001712088,0.0,-2.0033423427691386e-22,-1.0601370577958987e-22,0.0,5.144747339884943e-22,0.0,-6.990033505190734e-19,2.3603063028831244e-22,0.0052053741315264
stock_190,2.962916802022214e-22,0.0034820962618593,0.0,1.463925992538077e-07,0.0,-2.525332655987633e-22,0.0,6.085436667452256e-23,0.0,2.636570055372022e-16,-6.530870986923666e-23,0.0,-1.5462263601152204e-22,0.0032339902980291057,2.3619681345516694e-21,0.011791822,0.0,6.142488683996355e-25,0.0,6.142488683996355e-25,0.0,0.001657408,0.0,-1.4705501564397474e-23,-4.578659121673207e-23,0.0197870063313182,2.948431009362581e-22,0.0,-4.8950227978441235e-19,8.636380184154915e-23,0.0058616080145119
stock_191,1.9913500995988262e-22,0.0066949615711178,0.0,1.3764213485372905e-07,0.0,-2.276455819499388e-22,0.0,7.00078103840491e-24,0.0,1.15818567441486e-16,-2.1451633217419764e-23,0.0302710418750149,-2.9213346336615774e-22,0.003857988426034722,2.2890456298806163e-21,0.00053820596,0.01779,3.077423087981593e-24,0.0,3.077423087981593e-24,0.0,0.001648831,0.0,-2.508022198542917e-22,-4.2637038983028274e-23,0.0,-1.7244068210935369e-25,0.0,2.221757147702997e-19,7.826941754822512e-23,0.0053700750856665
stock_192,3.2760959899218947e-22,0.0064491283138664,0.0,1.0638401178981004e-07,0.0,0.0414574360361895,0.04532567,-1.016324158410906e-22,0.0022919940348102848,1.3551637862264082e-16,0.0521310592600542,0.0,-4.259467374890398e-23,0.0036449890650328046,1.1644858280067932e-21,0.0,0.0,3.246479242691384e-24,0.021660347,3.246479242691384e-24,0.0,0.001637278,0.0,3.411562614062195e-22,0.1,0.0,-1.417125947906864e-22,0.0,2.4356992986629655e-20,1.575256555891148e-22,0.0047657172606141
stock_193,3.9163841733036394e-22,0.0080439827943935,0.0,1.1613313486335817e-07,0.0,-2.501879784557558e-22,0.0,8.849848177092007e-23,0.0,9.805819463983438e-17,-9.134075639168673e-24,0.0,-2.7364530056529497e-22,0.006050981847054459,2.0591548380354e-21,0.00514655,0.0,-1.79e-23,0.025942486,-1.79e-23,0.0,0.001589676,0.0,-8.871023496651071e-23,-6.25748968651386e-23,0.0899999999990091,1.1316317316914805e-22,0.0,3.206463395060556e-19,1.152262230884515e-22,0.0052630286277648
stock_194,3.8472364399051063e-22,0.0059618611670479,0.0,1.1325061579175509e-07,0.0,1.4151587817772521e-22,0.0,-1.1428758294290805e-22,0.005724980733237917,2.494440100466188e-16,-2.8468812398461693e-23,0.0,-5.719217653009855e-23,0.004741985774042678,1.4450987686796706e-21,0.0,0.0,2.469612303882873e-24,0.008874299,2.469612303882873e-24,0.0,0.001480237,0.0,-2.7107272007576297e-22,-5.684624106611935e-23,0.0,-1.9120539442349004e-22,0.0,-2.875073255709651e-19,1.8263576197626976e-22,0.0062766855630362
stock_195,2.678403811138087e-22,0.0041147700752868,0.0,1.1993706487402698e-07,0.0,1.90305556538004e-22,0.0,8.100841201723803e-23,0.0,1.58016792092958e-16,-4.10187603462352e-23,0.0,-1.898499017849228e-22,0.004911985264044207,2.2176504270676928e-21,0.0035448081,0.0,-2.3299999999999996e-23,0.0014847728,-2.3299999999999996e-23,0.0,0.001459727,0.0,-6.49933185250328e-23,-7.575765478695069e-23,0.0,6.571603587401305e-22,0.0,0.038238703016799,7.119132635365297e-23,0.0052343202427208
stock_196,3.0283048458937667e-22,0.0069048249443779,0.0,1.2219293134262218e-07,0.0,-1.3140068112034423e-22,0.0,-1.9019428521945442e-24,0.0015513496742165683,1.7858567522507459e-16,-1.2229326414306381e-22,6.5749322113979995e-18,-1.130132063184045e-22,0.005495983512049464,1.3025534400921109e-21,0.0004214543,0.0,1.9081754479790682e-23,0.008142088,1.9081754479790682e-23,0.0,0.001458953,0.0,-9.343086537066852e-23,-7.856341527220268e-23,0.0,7.76545746415927e-22,0.0,5.27863484373436e-20,2.368303315011148e-22,0.0047971543379674
stock_197,-8.072828270248031e-23,0.0020088110894447,0.0,8.05382058784836e-08,0.0,2.55197572046932e-22,0.0,-2.0222389977376852e-22,0.0007506530681693072,1.888492967967915e-16,-2.5118848520715832e-23,9.597259901031933e-18,1.9244109280973568e-22,0.0061279816160551516,0.0191330570856559,0.004041422,0.0,7.574060571619995e-24,0.0029463167,7.574060571619995e-24,0.0,0.001458397,0.0,-1.0360137305797149e-21,-5.892317729977261e-23,0.0,0.0211332394854995,0.0927844572402332,5.786675625270947e-19,2.0155608784901299e-22,0.0062816396111569
stock_198,2.5989163383982364e-22,0.0067947437289545,0.05,1.4681323582402085e-07,0.0,-8.817160876587218e-23,0.0,7.506593112849956e-23,0.03785293205088427,2.5997759012516676e-16,-7.232138062415229e-24,2.5629999765766473e-19,-2.1882389355962493e-22,0.007532977401067797,2.1401992565486248e-21,0.005547408,0.0,2.222709883602293e-24,0.0037610452,2.222709883602293e-24,0.0,0.001457844,0.0,-3.2030677548149753e-24,-1.646688323640587e-23,0.0,8.367405289947095e-22,0.0,9.045811197304817e-19,1.0224494549581792e-22,0.004269569491081
stock_199,0.0223661698884659,0.0038560320613051,0.05,1.593503359031369e-07,0.0,1.6355113275440317e-22,-0.0,-5.586884646197935e-23,0.0005304615015063104,1.9641813216017246e-16,1.151181034172862e-23,8.559057483422067e-18,-4.2199794054259835e-24,0.005419983740048781,1.6642747058322949e-21,0.00330214,0.0,1.9682601530334767e-24,0.016964626,1.9682601530334767e-24,0.0,0.001457821,0.08333333,6.756155067146706e-22,6.538369441087742e-23,0.0900000000007462,1.4159928724750677e-21,0.0,0.0047374325303169,9.709089797376396e-23,0.0048595295321024
stock_200,-8.274824736739733e-24,0.0035506668225037,0.0,1.241772148901591e-07,0.1,-1.620834716395588e-22,0.0,-1.009360546272558e-22,0.002281985327234694,0.0115477782786368,-5.296580709271196e-23,1.5145293696418197e-18,-1.2957086110516486e-22,0.0051539845380463856,9.98383724638349e-22,0.0,0.0,1.2561509849088208e-23,0.015730685,1.2561509849088208e-23,0.1,0.001457189,0.08333333,-1.8977435993847476e-22,0.048715759074472,0.0900000000006972,-4.089478968649877e-22,0.1,-2.1594140388994176e-20,7.231575739112402e-23,0.004356516973172
